customer_id,full_name,city,signup_date
98373,Anita Banerjee,Austin,2023-08-24 14:38:01
21940,Donna Lewis,Boston,2024-03-22 14:06:05
80870,Henry Bell,Jacksonville,2023-03-03 10:27:21
15211,Soo-ah Hwang,Nashville,2023-06-30 14:56:18
55991,Klaus Schröder,San Diego,2024-04-13 11:30:37
12904,Thomas Lewis,Jacksonville,2023-03-19 16:51:08
68889,Beatriz Camara,Charlotte,2024-11-27 14:12:40
28537,Shu Chen,Seattle,2024-05-19 09:16:13
95474,Camila Castillo,Boston,2024-06-06 15:50:57
554,Gaurav Rao,Philadelphia,2025-08-23 07:38:42
35228,Emi Inoue,Boston,2023-02-27 12:32:18
40071,Ava Parker,San Diego,2024-05-01 15:22:20
37078,Ute Werner,Los Angeles,2023-06-20 14:32:39
78455,Richard Harris,Seattle,2024-09-19 14:17:55
83839,Emily Morris,Portland,2025-06-11 12:10:37
11576,Nancy Morris,Fort Worth,2023-03-13 09:36:09
88056,Daniel Taylor,San Jose,2023-04-29 17:17:27
17255,Ricardo Ortiz,Nashville,2025-05-02 14:48:49
3183,Barbara Bell,Philadelphia,2025-08-29 07:01:43
18546,Amanda Jackson,Boston,2024-06-20 10:11:55
96634,Paul Jackson,Jacksonville,2025-09-03 14:16:26
74205,Hannah Davis,Denver,2023-02-03 15:53:11
29474,Michelle Harris,Phoenix,2024-08-20 15:27:37
35049,Swati Das,Houston,2024-05-14 12:14:30
82370,Radha Rao,Seattle,2025-10-01 11:14:42
14067,Chloe Anderson,Charlotte,2024-10-23 15:37:27
77103,Femi Toure,Fort Worth,2024-05-30 18:17:15
81876,Christopher Howard,Fort Worth,2025-08-01 11:45:11
34872,Sabine Lange,Jacksonville,2024-02-26 04:59:24
50621,Haruto Yoshida,New York,2023-03-21 10:37:51
92824,Mason Collins,San Antonio,2023-08-21 11:20:59
75081,Gabriel Blanc,Phoenix,2023-04-05 15:13:02
657,Mohammed Sayegh,Austin,2025-10-19 10:33:50
44644,Leila Rahman,Seattle,2023-06-08 22:53:29
59823,Dina Farah,Nashville,2024-10-30 14:27:52
47044,Kavya Malhotra,San Antonio,2023-07-16 11:19:11
29081,Yuya Kobayashi,Seattle,2023-07-04 20:53:28
37565,Isabella Gomez,Philadelphia,2024-09-14 12:38:06
83268,Olivier Blanc,Philadelphia,2024-06-22 06:42:52
49112,James Miller,Portland,2024-02-25 16:29:25
71081,Joshua Murphy,Seattle,2023-09-02 06:54:54
19816,Nour Said,Chicago,2025-12-13 17:36:45
64892,Alejandro Hernandez,Austin,2025-12-04 18:42:07
7295,Luca Marino,Fort Worth,2023-02-08 20:25:05
68992,Matthew Green,San Diego,2023-12-09 09:52:42
22200,Hannah Hall,Chicago,2023-06-08 12:59:48
85258,Anna Hofmann,Nashville,2025-04-15 09:42:22
13102,Rohan Banerjee,Denver,2025-02-18 18:32:42
55201,Tao Song,Seattle,2025-12-22 07:10:08
68344,Fatou Eze,Philadelphia,2024-11-13 12:36:07
2930,Nikhil Chopra,Charlotte,2023-12-11 08:27:10
30069,Andrea Colombo,Houston,2023-06-13 10:36:48
39884,Anil Chatterjee,Nashville,2024-06-30 13:19:19
56761,Aiden Cook,Philadelphia,2025-05-17 12:28:44
95684,Olivia Bell,Chicago,2024-01-17 11:36:51
26882,Stephanie Bailey,Fort Worth,2025-01-31 15:59:05
5841,William Walker,Portland,2024-08-05 16:22:47
51397,Dorothy Roberts,Houston,2024-04-28 08:24:39
14396,Ethan Evans,Portland,2024-11-23 18:49:02
25475,Valentina Ferrari,Austin,2023-07-25 08:58:16
61181,Omar Ali,Denver,2023-09-22 04:15:50
1242,Min-jun Cho,Denver,2023-01-02 06:40:58
85350,Gabriela Aguilar,Charlotte,2025-03-21 08:48:01
64492,Leila Aziz,Denver,2023-06-15 17:22:26
38368,Claudia Gonzalez,Chicago,2024-11-10 15:07:40
77817,Stefano Rossi,Fort Worth,2023-04-13 17:58:32
95465,Rashid Najjar,Nashville,2025-01-10 11:08:36
99638,Karen Allen,San Jose,2024-03-25 19:33:09
81016,Mark Davis,Dallas,2023-03-30 18:15:46
24161,Teresa Ramos,Denver,2025-03-03 11:28:02
85965,Paul Rogers,Seattle,2024-09-14 12:27:47
31611,Ananya Banerjee,Columbus,2025-05-15 09:52:48
6084,Brian Collins,San Diego,2024-04-12 12:30:52
29088,Jorge Jimenez,Fort Worth,2024-04-02 07:22:31
38383,Christopher Anderson,Nashville,2024-05-08 12:35:56
14124,Celine Garcia,Houston,2025-08-02 22:28:02
3537,Heike Sane,Seattle,2023-08-11 08:24:19
97425,Mei He,Portland,2023-03-06 10:52:02
72258,Charles Young,Denver,2024-10-18 11:05:55
29787,Amanda Cooper,Columbus,2025-06-10 22:34:43
83687,Barbara Taylor,San Antonio,2024-05-28 09:40:26
78591,Kevin Phillips,Columbus,2023-01-06 15:29:46
71340,Karen Harris,Chicago,2024-04-07 17:38:06
30312,Mark Murphy,Boston,2025-04-30 08:26:14
35728,Aarti Chopra,Chicago,2025-11-09 16:44:08
36331,Matthias Meyer,Chicago,2025-04-01 16:39:51
20592,Daniela Ramos,Portland,2024-12-14 17:18:18
26734,Grace Thompson,Denver,2025-08-16 17:51:40
41261,Misaki Sasaki,San Jose,2023-01-21 10:31:55
57862,Chloe Adams,Philadelphia,2024-04-22 10:56:30
50346,Rashid Hamdan,Austin,2024-04-13 16:10:57
36913,Shreya Banerjee,San Diego,2023-11-26 17:13:11
10977,Jack Cox,San Diego,2024-01-05 11:30:01
82394,Jorge Cruz,Fort Worth,2025-11-21 11:08:51
50248,Camila Herrera,San Antonio,2025-04-08 10:49:33
73402,Xia Xie,Phoenix,2023-12-23 16:09:44
82375,Emily Smith,Los Angeles,2025-04-20 03:02:49
46708,Sofia Castillo,San Diego,2023-07-05 19:43:24
99238,Liam Parker,Charlotte,2025-02-20 11:49:33
13250,Birgit Bauer,San Diego,2023-07-16 12:22:23
67628,Louis Colombo,San Antonio,2024-12-20 16:22:55
68458,Hannah Schröder,Houston,2025-01-20 13:35:49
68068,Melissa Stewart,Phoenix,2023-05-20 14:53:30
76334,Raul Flores,Portland,2024-06-07 14:07:40
6693,Owen Cooper,Chicago,2024-12-20 15:55:12
3474,Patricia Ward,Portland,2024-02-29 17:32:17
47836,Andrew Collins,Houston,2024-02-20 17:08:09
64059,Mariana Gonzalez,San Diego,2025-07-15 16:03:50
43992,Hui Song,San Antonio,2025-10-03 09:54:52
61973,Jeffrey Hall,Austin,2025-05-11 08:34:02
77844,William Thompson,Dallas,2023-09-04 11:42:08
83532,Aurelie Bernard,Nashville,2023-05-31 14:37:34
43876,Elena Ruiz,Charlotte,2024-02-06 09:23:24
32277,Jason Bell,Fort Worth,2023-03-19 11:56:52
76041,Pilar Herrera,Los Angeles,2025-08-01 13:00:21
49212,Suresh Singh,Houston,2024-11-10 14:06:12
59448,Paolo Ricci,Philadelphia,2024-01-24 16:37:54
27584,Zhen Wang,Austin,2023-11-18 17:51:43
68846,Ingrid Becker,Austin,2024-01-21 12:14:00
52816,Fatou Adeyemi,Phoenix,2023-10-02 08:10:48
40299,Lucas Reed,San Diego,2025-06-09 12:23:37
3846,Mathieu Morel,Chicago,2025-01-14 10:15:56
84334,Felix Klein,San Jose,2024-09-01 02:10:44
4819,Isabella Reyes,Nashville,2023-09-22 22:30:15
1373,Emi Parker,Phoenix,2025-12-07 09:49:04
25350,Owen Thomas,New York,2025-12-02 07:43:57
35758,Gang Deng,Fort Worth,2024-04-16 19:46:24
4758,Xiao Singh,San Antonio,2023-06-12 11:16:00
53210,Davide Vasquez,Jacksonville,2025-07-16 13:44:52
545,Javier Gonzalez,Philadelphia,2023-06-17 17:54:54
7380,Donald Walker,Columbus,2024-08-26 09:41:29
30515,Yun Guo,Austin,2023-09-22 08:42:40
55643,Kenneth Walker,Phoenix,2023-05-27 15:26:01
7825,Seo-jun Ahn,Los Angeles,2023-09-24 04:37:44
28351,Rajesh Sharma,Los Angeles,2023-07-15 09:25:20
87682,Michael Bailey,Los Angeles,2025-03-09 15:05:32
55897,Smita Singh,Portland,2024-10-23 18:43:20
51725,Huda Haddad,Nashville,2023-03-08 06:15:37
77759,William Johnson,Austin,2024-07-17 10:52:59
75715,Carmen Hernandez,San Diego,2024-07-12 15:06:17
81228,Yun Tang,Fort Worth,2024-09-26 22:49:32
53666,Melissa Harris,Houston,2025-04-24 13:37:02
51973,Sofia Diaz,Denver,2024-11-18 13:21:41
69819,Mary Williams,Charlotte,2023-12-17 12:46:12
11500,Margaret Martin,New York,2024-06-12 15:15:57
33039,Lukas Zimmermann,Boston,2025-12-20 15:53:59
35643,Kemi Kone,Portland,2023-12-01 18:20:52
31248,Nancy Morris,Boston,2025-01-14 19:37:26
37900,Samira Karim,Boston,2025-07-12 07:39:11
32011,Juliette Girard,Jacksonville,2025-12-23 23:26:46
66263,Nia Traore,Denver,2024-10-13 14:23:28
95927,Ines Ramos,San Diego,2024-11-08 18:09:48
59002,Harish Bhat,Nashville,2023-07-12 04:32:33
77940,Charlotte Phillips,San Jose,2025-06-04 07:48:41
29479,Sophie Petit,Portland,2025-06-29 17:57:16
17026,Oliver Jackson,Jacksonville,2024-02-03 13:58:00
75422,Lucas Cook,Portland,2025-08-31 19:00:08
91388,Deepa Chopra,Seattle,2024-12-08 17:24:43
2248,Sophia Stewart,Boston,2025-03-14 00:41:33
1251,Akari Yamada,Los Angeles,2023-07-20 16:29:08
96721,Meera Chatterjee,New York,2024-02-12 08:24:43
27207,Linda Richardson,Chicago,2025-02-28 11:53:19
9892,Nisha Mukherjee,Boston,2025-12-06 22:58:36
90341,Henry Martin,San Antonio,2024-12-16 11:13:36
38090,Hector Rivera,Los Angeles,2025-01-26 09:08:42
7486,Jason Scott,Philadelphia,2024-03-12 17:04:31
36565,Yuya Kato,Seattle,2025-03-29 09:17:16
38771,Robert Marino,Philadelphia,2023-09-04 13:23:18
24573,Fernando Herrera,Chicago,2024-07-19 15:34:50
95314,Pedro Gutierrez,San Antonio,2025-07-13 11:35:01
59503,Paul Morris,Dallas,2024-02-19 10:54:03
76123,Beatrice Lombardi,San Antonio,2025-05-31 05:11:24
53260,David Bailey,San Antonio,2025-02-22 05:09:48
31560,Cheng Huang,Portland,2024-10-08 22:45:45
6948,Riccardo Conti,Charlotte,2025-05-01 10:45:39
60458,William Cooper,San Jose,2024-04-01 08:00:06
84827,Aya Ibrahim,Los Angeles,2025-03-22 17:06:17
61067,Donna Turner,Charlotte,2023-10-28 09:10:34
81533,Jorge Alvarez,Columbus,2024-09-20 07:20:41
75703,Jason Martin,Nashville,2024-11-20 19:53:15
20908,Jennifer Anderson,Nashville,2023-05-01 04:07:55
4653,Yun Wu,Fort Worth,2024-09-19 14:03:08
96732,Grace Baker,San Diego,2023-07-12 18:10:41
2710,Davide DeLuca,Chicago,2023-10-07 14:51:44
853,Bilal Aziz,Phoenix,2024-09-04 11:59:46
24746,Sophia White,San Diego,2023-12-02 17:00:29
44656,Feng Ma,Charlotte,2025-07-05 15:19:54
87135,Aaliyah Cisse,Philadelphia,2023-10-31 13:36:39
66512,Aishwarya Bhat,New York,2024-04-17 09:38:47
14063,Amara Okonkwo,Columbus,2025-02-21 12:05:34
67225,Smita Kapoor,Boston,2024-10-23 19:42:35
89452,Veronica Ramos,Jacksonville,2023-08-17 09:55:25
29086,Nikhil Mukherjee,Charlotte,2023-04-22 09:56:52
89298,Andrew Thompson,Seattle,2023-05-10 13:34:11
75919,Obi Okeke,New York,2023-10-30 04:39:45
45088,Mia Rogers,New York,2024-11-26 07:07:14
99865,Lan Luo,Denver,2024-08-20 22:07:17
15750,Maximilian Wagner,Boston,2024-07-14 11:00:00
99160,Ashley Turner,San Jose,2023-02-12 05:47:34
64027,Lucas Girard,Philadelphia,2023-07-01 22:27:29
41938,Anita Kulkarni,Chicago,2024-01-09 14:54:00
92529,Lina Rahman,Denver,2025-09-20 11:18:31
89702,Abena Eze,San Diego,2025-09-10 06:53:46
66839,Aminata Adeyemi,Seattle,2024-07-27 08:18:54
70497,Lin Zhang,Nashville,2024-12-09 13:30:00
25619,Aishwarya Iyer,Portland,2024-09-11 23:04:14
48100,Ashok Morales,Columbus,2023-03-10 10:36:58
6951,Arjun Kumar,Boston,2023-03-30 14:46:42
79325,Wei Wang,Chicago,2024-10-10 17:18:16
25773,Sita Nwosu,Philadelphia,2023-09-11 14:01:10
29256,Michael Young,Denver,2024-01-21 21:25:03
40314,George Stewart,New York,2025-04-29 09:06:59
71652,Matthew Williams,Philadelphia,2024-03-06 21:59:53
88626,Ama Cisse,Jacksonville,2024-05-22 07:33:13
66710,Sabine Zimmermann,Boston,2025-07-06 14:10:22
36294,Brian Williams,Chicago,2023-04-24 13:49:51
72369,James Rogers,Seattle,2023-03-19 15:26:06
13450,Ronald Davis,Dallas,2024-04-16 10:14:04
218,Klaus Schulz,Austin,2024-06-06 11:49:36
63386,Emma Miller,Nashville,2024-12-17 13:20:41
41730,Margaret Harris,Fort Worth,2024-02-26 09:54:04
21479,Yaw Mensah,San Diego,2023-08-28 16:33:46
94625,Manuel Sanchez,Austin,2023-10-31 10:50:25
44659,Michelle Baker,San Antonio,2025-12-06 10:16:51
74834,Oliver Cho,Austin,2023-05-01 15:07:08
24749,Bo Han,San Jose,2024-01-15 11:04:42
35625,William Davis,Los Angeles,2025-01-28 23:58:54
32137,Patricia Bell,Seattle,2024-03-11 14:25:40
10695,Pablo Lopez,San Antonio,2024-02-28 21:03:48
90472,Rohan Bhat,Chicago,2024-07-17 13:04:05
54493,Lisa Stewart,Fort Worth,2024-12-20 09:09:35
67541,David Mitchell,Philadelphia,2023-04-28 15:18:38
78699,Ronald Lewis,Phoenix,2025-04-11 05:33:37
49546,Antoine Mercier,San Diego,2025-10-15 11:09:32
11168,William Jones,Chicago,2023-05-04 11:22:13
78356,Long Liang,Fort Worth,2023-03-24 10:54:23
81892,Aarti Kulkarni,New York,2023-11-23 13:23:27
15935,Olivia Bell,Portland,2024-03-07 17:22:44
92643,Sophia Hall,Nashville,2025-02-08 12:42:43
66534,Deborah Wilson,Seattle,2024-02-20 03:17:45
34081,Alice Garcia,New York,2025-06-03 18:58:58
96397,Chiara Romano,Austin,2023-09-19 12:26:56
39953,Samir Said,Seattle,2024-11-10 17:34:59
1940,Mei Liu,Jacksonville,2023-08-21 10:40:08
95944,Anna Meyer,Nashville,2025-03-26 19:30:08
99522,Oliver Richardson,Chicago,2025-10-18 15:53:50
69004,Amelia Adams,Dallas,2025-03-09 19:19:25
65000,Nancy Williams,Portland,2024-09-14 10:03:52
94598,Stephanie Jackson,Houston,2023-05-07 12:15:05
33112,Owen Lewis,San Diego,2025-02-13 10:12:24
55576,Kenneth Morris,Columbus,2024-06-06 13:16:31
73474,Kiran Chopra,San Antonio,2025-07-13 06:06:00
21350,Raul Reyes,San Jose,2023-11-13 19:04:15
6003,Hana Haddad,San Diego,2024-01-21 11:20:54
91049,Caleb Scott,Dallas,2024-04-26 09:21:07
27876,Nancy Turner,San Antonio,2025-08-28 08:16:59
13157,Shreya Chatterjee,Austin,2025-11-09 07:32:25
91495,Karthik Verma,Los Angeles,2023-08-22 10:35:41
76536,Evelyn Turner,Chicago,2025-01-06 09:23:39
76056,Paul Green,Dallas,2025-01-03 15:46:17
67868,Anthony Turner,Austin,2024-06-03 19:13:24
90787,Ananya Banerjee,Los Angeles,2025-02-09 13:54:22
68119,Emily Bailey,Houston,2023-11-11 11:25:01
63859,Louise Moreau,Jacksonville,2024-02-24 11:22:51
46441,Emma Dubois,Los Angeles,2024-03-01 07:47:58
71206,Thierry Simon,Nashville,2024-04-11 08:11:17
48058,Monika Klein,Portland,2023-07-06 16:39:17
40710,Kavya Das,Columbus,2025-02-12 10:11:01
70230,Ethan Stewart,Dallas,2024-12-19 12:20:18
44744,Ama Sow,Nashville,2024-10-26 03:39:27
13405,Nasser Hassan,Nashville,2025-06-11 11:39:15
81931,Tariq Verma,Chicago,2023-01-04 19:41:36
4617,Joseph Hall,San Antonio,2024-11-30 23:21:59
31045,Anna Koch,San Antonio,2025-03-28 13:27:51
37564,Betty Wilson,Nashville,2024-10-08 18:22:27
87522,Ruben Robinson,San Antonio,2023-03-13 19:59:24
4561,Owen Collins,Los Angeles,2024-01-21 08:58:08
93495,Marion Leroy,Los Angeles,2023-04-08 14:18:24
69867,Nancy Morris,Portland,2025-10-31 14:21:24
20679,Kwame Eze,San Diego,2024-01-16 03:11:04
15719,Anjali Joshi,San Diego,2023-09-01 18:51:06
91981,Joshua Parker,Phoenix,2025-12-24 13:50:05
28499,Ashok Nair,Chicago,2025-09-25 09:51:41
94229,Carol Bell,Dallas,2024-01-21 09:03:23
32276,Carmen Medina,Portland,2025-12-13 09:42:19
32900,Obi Traore,Philadelphia,2024-07-07 16:10:32
79720,Laurent Petit,San Jose,2023-12-23 13:33:24
18397,Amelia Allen,Columbus,2025-11-15 09:52:56
17600,Tunde Asante,Dallas,2024-09-08 16:55:49
36391,Chao Ma,San Antonio,2024-12-28 09:58:11
10773,Jian Lin,Chicago,2024-09-28 19:27:34
46962,Arun Malhotra,New York,2023-01-17 21:17:49
13215,Sneha Banerjee,Chicago,2024-05-09 20:56:36
68517,Karen Edwards,Columbus,2023-04-12 15:59:08
66296,Nancy Brown,San Jose,2023-08-28 08:16:08
23311,Ravi Gupta,Los Angeles,2023-03-25 07:56:16
32913,Zara Okonkwo,Seattle,2025-05-01 17:00:01
46885,Kimberly Thompson,Boston,2025-10-30 10:52:12
80026,Thomas Davis,San Diego,2024-07-04 11:53:42
81836,Jeffrey Wright,Los Angeles,2024-06-23 13:10:23
39125,Melissa Richardson,Houston,2023-11-10 16:55:15
32113,Eun-ji Walker,San Jose,2024-09-13 15:30:04
25798,Melissa Collins,Portland,2024-02-17 16:58:14
27710,Sandra Harris,San Antonio,2024-06-15 22:43:57
75764,Edward Rogers,Philadelphia,2023-02-07 07:30:37
77552,Lucia Lopez,Houston,2025-12-23 15:18:38
77996,Anjali Gupta,Los Angeles,2023-04-07 14:26:06
33455,Sunita Pillai,Columbus,2023-09-17 16:50:58
78702,Paul Thomas,Austin,2023-08-12 03:22:01
65458,Kenneth Martin,Austin,2023-08-06 11:18:49
1790,Ashley Johnson,Columbus,2024-06-06 13:22:17
68940,Camila Gonzalez,Jacksonville,2024-10-12 15:18:29
78738,Lakshmi Joshi,Jacksonville,2023-01-14 12:53:19
53407,So-yeon Kang,Charlotte,2024-12-09 10:20:54
5731,Ute Schmitt,Charlotte,2023-08-05 10:20:41
34061,Kenneth Williams,Denver,2023-09-25 13:20:05
21249,Sunita Nelson,Dallas,2024-11-18 20:43:13
33174,Grace Morgan,Dallas,2025-02-26 12:45:38
14072,Qing Chen,San Jose,2025-09-20 14:52:28
68932,Bin Lin,Fort Worth,2025-08-28 19:46:57
10461,Jack Reyes,Denver,2025-11-18 14:25:58
43626,Khalid Rahman,Boston,2023-05-08 08:08:47
11915,Hugo Simon,Dallas,2023-06-15 07:35:35
21317,Sara Barbieri,Boston,2025-02-01 18:58:49
42629,Juana Herrera,Charlotte,2024-02-22 16:17:26
56793,Priya Kulkarni,Austin,2024-10-27 19:55:52
88623,Jeffrey Scott,Philadelphia,2024-02-17 13:39:59
30821,Xin Chen,Nashville,2023-09-06 08:44:47
83235,Raul Castillo,Fort Worth,2023-11-04 09:44:23
6352,Mary Campbell,San Jose,2024-10-16 11:42:27
95740,Lucia Rivera,Phoenix,2024-05-01 20:55:28
73316,Alejandro Morales,Chicago,2023-12-28 15:26:53
21087,Juan Bhat,San Antonio,2023-12-20 09:44:59
95861,Pascal Faure,Jacksonville,2024-12-03 19:30:04
49138,Kenneth Brown,New York,2023-12-08 18:55:53
6859,Xin Tang,San Diego,2023-02-13 07:41:16
47806,Jennifer Harris,Houston,2025-03-28 08:23:30
77960,Paula Gomez,San Antonio,2024-11-16 13:36:21
90818,Amanda Robinson,Charlotte,2023-06-27 20:27:10
95427,Aurora Costa,New York,2025-10-11 14:16:47
20028,Mio Shimizu,Seattle,2024-12-07 07:52:58
63291,Noah Jackson,Seattle,2025-09-01 09:58:15
37058,Leon Neumann,Columbus,2023-07-16 17:28:31
92436,Mia Jackson,San Antonio,2024-08-24 18:34:05
71416,Patricia Thomas,Portland,2023-02-05 10:03:11
92734,Elena Hernandez,Dallas,2024-11-24 12:12:13
23340,Aisha Sane,San Jose,2025-08-16 18:59:28
19227,Alejandro Ortiz,Dallas,2025-02-11 09:22:28
92136,Margaret Davis,Chicago,2025-07-15 10:29:40
28409,Manon Laurent,Portland,2023-08-02 06:03:34
7582,Daniel Howard,New York,2025-09-19 09:19:23
8494,Hector Lopez,Los Angeles,2023-08-22 08:59:34
9163,Kevin Thompson,Los Angeles,2025-11-20 07:52:25
42423,Vikram Bhat,Charlotte,2023-01-14 19:38:01
21483,Aisha Adeyemi,Portland,2024-01-14 13:23:09
13762,Donald Bell,San Antonio,2024-02-19 12:35:10
20972,Emma Lewis,Nashville,2023-07-27 20:29:29
73876,Rebecca Harris,Philadelphia,2025-09-15 08:10:07
54929,Deepak Verma,Fort Worth,2025-12-24 13:31:09
66729,Sneha Singh,Chicago,2024-08-23 16:05:59
92134,Shreya Patel,Boston,2024-08-09 12:44:01
54116,Eduardo Romero,Austin,2024-05-29 07:04:45
24818,Emma Thompson,Columbus,2024-04-08 13:25:29
4084,Pascal Garcia,Nashville,2025-12-08 14:37:17
89090,Caleb Taylor,Dallas,2025-06-18 12:22:41
66929,Henry Bailey,Seattle,2023-11-26 14:03:12
85949,Yan Li,Denver,2025-05-31 14:04:02
45024,Hye-jin Ahn,Boston,2024-04-05 10:42:10
37672,Daniela Garcia,Nashville,2024-11-01 13:05:14
25451,Feng Xu,San Jose,2023-02-25 17:21:26
2781,Carlos Moreno,Jacksonville,2024-06-06 09:01:33
3160,Santiago Mendoza,Chicago,2023-11-18 22:27:03
44652,Jade Faure,Charlotte,2025-05-05 10:34:38
60620,Ricardo Garcia,Boston,2025-08-15 08:16:03
61064,Ji-ho Ahn,Seattle,2025-07-16 06:44:20
89327,Sanjay Kapoor,Denver,2024-09-27 07:11:46
85126,Layla Saleh,Phoenix,2023-09-05 11:10:17
44594,Rajesh Kapoor,Boston,2025-05-05 05:49:17
494,Nancy Williams,Columbus,2024-11-08 15:30:50
51043,Zahra Haddad,Charlotte,2023-11-30 18:52:45
83382,Andrew Phillips,Fort Worth,2023-04-20 16:12:40
78357,Xia Sun,Fort Worth,2024-12-19 19:08:32
57790,Dorothy White,Los Angeles,2023-05-05 13:41:47
64688,Riccardo DeLuca,Los Angeles,2023-07-29 14:40:41
93659,Donald Morgan,Austin,2025-11-25 04:28:09
98653,Qing Lin,Houston,2025-04-20 09:20:54
73760,Michelle Collins,Jacksonville,2025-04-21 12:20:59
70761,Carol Davis,Columbus,2023-04-23 01:58:23
64832,Adriana Lopez,Philadelphia,2023-05-15 16:59:43
33980,Charles Baker,Denver,2023-07-02 19:49:22
88085,Juana Garcia,Columbus,2023-06-01 18:47:13
31868,Malik Nwosu,Boston,2024-06-14 16:26:36
70201,Hannah Roberts,Phoenix,2024-06-24 11:12:44
96099,Claudia Schröder,Dallas,2024-01-06 11:49:29
80207,Zahra Rahman,Houston,2025-11-20 10:55:34
25071,Susan Allen,New York,2025-01-05 17:18:53
56450,Mei Gao,Boston,2024-02-22 14:03:22
6720,George Wright,Columbus,2024-07-28 11:52:27
74030,Fatima Saleh,San Diego,2024-04-29 13:04:14
49569,Sofia Gonzalez,Nashville,2023-03-30 08:11:43
51944,Nisha Hwang,Seattle,2023-05-12 08:23:42
47799,Ravi Nair,Boston,2023-01-18 15:58:01
47474,Susan Baker,Los Angeles,2023-08-14 18:11:34
18979,Ashley Rogers,Denver,2025-10-30 17:50:30
6773,Wolfgang Becker,Chicago,2024-11-23 13:32:41
54361,Noah Walker,Portland,2024-01-27 10:51:26
93787,Melissa Morris,San Jose,2025-09-02 15:11:32
21173,Robert Campbell,Denver,2024-11-08 19:18:18
90402,Deepa Verma,Chicago,2025-05-08 14:07:58
98891,Chao Ma,Boston,2024-06-28 14:40:55
71651,Jabari Diallo,New York,2024-02-05 09:04:06
57205,Zara Ndiaye,Columbus,2024-08-19 00:52:32
91833,Nia Diallo,Los Angeles,2024-10-14 14:57:19
60292,Hannah Koch,San Diego,2023-12-10 15:21:35
56156,Ronald Rogers,Boston,2023-11-19 05:15:27
65267,So-yeon Hwang,Portland,2024-12-20 19:00:54
47086,Yong Ma,Denver,2023-08-28 10:53:09
77305,Sandra Baker,Jacksonville,2025-03-10 14:58:08
67509,Lucas Wright,Austin,2025-09-26 14:58:56
55842,Mary Murphy,Seattle,2025-04-21 15:41:19
65876,Hannah Davis,Chicago,2025-07-17 10:14:44
23296,Bo He,Columbus,2025-02-17 10:52:39
56180,Veronica Mendoza,Phoenix,2023-12-15 05:51:45
67546,Harper Richardson,Austin,2024-01-24 13:28:11
39373,Ava Bell,Austin,2024-06-29 15:11:53
10792,Javier Perez,San Diego,2024-02-14 16:10:39
741,Anjali Nair,Los Angeles,2024-03-15 15:00:19
9108,Darius Cisse,Fort Worth,2023-03-28 05:36:56
5679,Lin Zhou,Charlotte,2024-04-23 17:27:38
9353,Aditya Reddy,Boston,2023-12-31 11:20:51
63937,Emeka Camara,Portland,2024-10-18 10:06:42
51955,Felix Hofmann,Boston,2024-10-03 07:44:45
18830,Amit Joshi,San Jose,2024-09-08 06:25:38
10592,Sharon Lewis,Seattle,2023-11-23 10:01:43
77512,Lena Schmitt,Denver,2023-01-16 18:35:35
37110,Neha Agarwal,Jacksonville,2024-02-03 11:05:02
23102,Kavya Pillai,Nashville,2023-05-10 09:10:55
59917,Ahmed Hamdan,Denver,2023-07-16 17:21:38
12993,Marisol Herrera,Seattle,2023-04-17 08:57:01
56871,Hannah Mitchell,Los Angeles,2025-01-09 11:30:37
18340,Henry Nelson,Phoenix,2025-02-28 09:24:29
91644,Ethan Carter,Portland,2025-08-06 16:32:33
83747,John Ndiaye,Jacksonville,2024-06-29 19:39:49
87643,Radha Kapoor,Los Angeles,2024-01-07 16:49:25
68105,Camila Morgan,Phoenix,2024-12-05 15:53:18
68022,Harper Young,Austin,2025-11-15 14:54:13
52800,Diego Garcia,San Antonio,2024-09-06 18:58:58
45337,Ruben Cruz,Seattle,2024-07-24 10:59:08
18878,Laura Thompson,Nashville,2023-02-17 14:55:21
97447,Fang Xu,Denver,2023-01-13 16:10:21
22485,Kevin Thomas,Los Angeles,2024-06-04 18:57:57
83957,Gabriela Garcia,Philadelphia,2023-12-07 15:19:40
48302,Fatima Ahmed,Charlotte,2025-03-18 01:06:41
1139,Elijah Ward,Chicago,2023-04-29 13:19:17
65711,Lucia Rivera,Houston,2025-02-02 09:22:00
43983,Mia Jones,Dallas,2024-03-04 17:59:58
44805,Aminata Diallo,San Jose,2023-11-20 11:53:42
78093,Karen Harris,San Antonio,2025-10-10 05:28:17
4732,Kavya Mukherjee,Austin,2025-06-09 08:17:55
49722,Carlos Ramos,Austin,2023-08-08 10:48:01
76640,Ren Hayashi,Los Angeles,2023-09-20 11:06:40
44707,Camila Vasquez,Portland,2024-05-30 17:19:22
79206,Diego Garcia,Chicago,2025-09-22 10:28:23
77867,James Turner,Charlotte,2025-12-06 11:07:46
92395,Melissa Howard,San Jose,2025-10-24 12:34:00
14248,Caleb Rogers,Philadelphia,2024-06-18 06:13:28
61540,Deborah Scott,San Antonio,2025-04-29 11:34:19
5169,William Young,Boston,2024-04-21 08:06:30
63226,Adaeze Ndiaye,Charlotte,2023-04-13 15:17:02
39749,Kevin Green,San Jose,2024-07-24 16:12:32
56860,Malik Boateng,Charlotte,2025-12-13 17:55:07
29850,Paul Ward,Jacksonville,2023-04-08 06:26:46
58295,Ren Yamada,Portland,2023-05-23 10:35:18
31141,Aiden Phillips,Fort Worth,2024-03-17 09:51:03
90079,Nancy Brown,Boston,2023-09-13 09:45:20
77126,Teresa Rivera,Phoenix,2024-08-11 06:29:31
15685,Sofia Ramos,Nashville,2024-03-24 10:59:11
61984,Christopher Thompson,San Jose,2023-10-01 06:15:19
11649,Harper Bell,Portland,2025-05-31 21:37:29
59782,Hana Yamada,Columbus,2023-05-02 13:40:05
87669,Lisa Hall,Boston,2024-01-16 08:24:36
98704,Sunita Nair,Los Angeles,2024-06-18 13:22:03
72860,Teresa Ramos,Dallas,2025-03-13 16:40:34
37511,Susan Nelson,Seattle,2024-06-09 22:11:29
4435,Tunde Eze,Portland,2025-10-10 20:12:20
65212,Ravi Bose,Boston,2025-02-05 10:29:01
63173,Manuel Alvarez,San Diego,2023-12-15 10:28:55
24441,Javier Diaz,Austin,2023-07-06 17:45:57
89791,Ryan Morris,Columbus,2023-09-23 16:47:03
82037,Ashley Bailey,San Jose,2025-08-22 10:53:20
9099,Ngozi Adeyemi,Houston,2023-03-03 14:20:13
35840,Obi White,Seattle,2024-11-24 20:28:26
67369,Andres Sanchez,San Diego,2025-01-30 12:01:57
15695,Lakshmi Banerjee,Nashville,2023-06-14 01:55:11
69517,Brian Thompson,Austin,2023-05-25 17:46:58
89686,Samir Najjar,Chicago,2025-10-05 13:54:48
53250,Ama Boateng,San Antonio,2024-01-19 10:10:18
77971,Seo-jun Jang,Jacksonville,2023-03-13 17:32:07
28636,Yong Li,Denver,2025-04-14 07:17:32
23689,Tunde Owusu,San Jose,2024-05-22 09:41:10
56986,Khalid Awad,Jacksonville,2025-05-28 13:23:12
74451,Charles Carter,Philadelphia,2024-08-20 16:21:28
76813,Nisha Desai,Nashville,2024-04-09 17:32:41
29920,Layla Najjar,Jacksonville,2025-03-19 16:17:08
58816,Steven Adams,Portland,2023-05-18 14:29:51
31462,Cheng Xie,Dallas,2024-06-21 10:40:22
68697,Michael Jackson,Austin,2024-11-08 20:25:46
29319,Kai Cao,Nashville,2023-10-02 14:58:25
92487,Nadia Karim,San Jose,2023-01-27 13:48:48
95939,Elena Gomez,New York,2025-02-07 11:09:38
32572,Christopher Green,Phoenix,2025-02-17 14:06:07
78553,Brian Tang,Philadelphia,2025-12-19 08:26:04
37909,Liam Brown,Nashville,2024-07-11 16:55:17
51192,Hector Aguilar,Boston,2024-03-03 10:21:30
72442,Andrew Murphy,Houston,2024-07-28 11:17:16
91467,Andres Rivera,Portland,2023-01-31 12:48:46
80426,Ramesh Bose,Dallas,2025-05-13 09:51:48
47167,Brian Rogers,Austin,2025-07-08 07:15:37
85593,Henry Edwards,Denver,2025-03-09 21:38:59
78415,Chloe Bell,Fort Worth,2023-04-28 14:27:38
98879,Ashok Shah,Los Angeles,2025-11-04 22:06:36
80761,Arun Gupta,Houston,2024-11-04 16:33:52
90468,Marisol Romero,Austin,2025-07-31 16:22:44
16687,Huda Rahman,Austin,2024-06-03 15:05:08
25758,Robert Scott,Los Angeles,2023-04-02 12:15:37
86153,Kevin Morris,Denver,2024-05-15 15:05:12
76948,Aiden Rogers,Houston,2025-05-18 14:04:53
43412,Nasser Rahman,Boston,2025-09-10 09:33:16
81627,Henry Edwards,Houston,2025-12-30 18:28:48
55213,Robert Evans,San Jose,2024-09-08 14:31:58
41160,Long Li,Houston,2024-10-03 13:38:54
97209,Michelle Taylor,Los Angeles,2025-06-14 12:52:35
84642,Rahul Brown,Los Angeles,2025-10-14 10:33:36
54443,Carol Allen,Philadelphia,2025-02-06 08:36:00
56718,Chae-won Kim,San Antonio,2025-04-16 10:02:18
28802,Donna Adams,San Jose,2024-11-10 17:00:17
12987,Deepa Verma,New York,2025-02-15 12:16:50
71886,Kai Cao,San Antonio,2025-05-01 14:09:31
25128,Ronald Hall,Nashville,2025-02-12 13:32:04
60722,Lina Farah,Houston,2025-07-21 11:45:11
39482,Nour Haddad,Chicago,2025-11-24 23:37:48
17448,Richard Campbell,Jacksonville,2023-04-22 13:22:02
24782,Joshua Rogers,Austin,2024-11-19 19:07:18
28815,Sophie Simon,Austin,2023-10-28 08:09:56
48135,Kiran Bose,Houston,2024-05-06 17:20:06
4820,Birgit Richter,Chicago,2024-09-11 09:25:57
73364,Camille Moreau,Los Angeles,2025-04-26 23:15:18
75325,Thierry Morel,Houston,2023-11-28 21:48:47
43184,Laura Walker,Austin,2024-11-21 13:37:31
2769,Abena Owusu,Philadelphia,2025-05-22 08:25:22
3075,Raul Medina,Chicago,2025-10-24 10:58:36
48854,Elizabeth Turner,Dallas,2023-12-26 19:19:15
95210,Andreas Krüger,Boston,2024-01-17 01:10:50
83014,Brian Taylor,Columbus,2024-09-11 09:55:59
94291,Adriana Aguilar,Boston,2025-10-13 17:10:22
69719,Marisol Gutierrez,Fort Worth,2025-12-30 15:46:41
70734,Rebecca Williams,Nashville,2025-07-31 15:51:42
37513,Emily Campbell,Seattle,2025-03-13 12:16:39
50599,William Martin,San Jose,2024-04-30 06:31:49
65516,Hannah Bailey,Boston,2023-03-05 07:38:22
58798,Ananya Rao,Charlotte,2024-10-04 08:37:58
72311,Lucas Campbell,New York,2024-02-13 12:59:30
37210,Mei Guo,Seattle,2023-02-20 14:12:00
96581,Pranav Patel,New York,2023-06-17 17:07:41
24853,James Bailey,Columbus,2025-10-16 21:47:37
48798,Gabriela Reyes,Columbus,2025-09-05 09:50:14
82537,Ricardo Ramos,Boston,2025-12-24 11:28:02
1840,Ama Owusu,Fort Worth,2023-07-17 18:53:56
85034,Oliver Wilson,Philadelphia,2023-03-17 03:15:35
58414,Priya Nair,Nashville,2024-02-10 01:55:03
61571,Robert Harris,Los Angeles,2023-05-26 17:08:57
7529,Luis Vasquez,Phoenix,2024-04-22 22:15:36
80262,Mia Evans,Seattle,2025-01-01 17:09:37
87954,Rosa Rivera,Philadelphia,2025-05-02 07:26:08
83746,Jonas Carter,Phoenix,2024-01-02 17:48:40
92816,Laura Bauer,Boston,2023-06-27 00:20:38
92403,Teresa Phillips,Phoenix,2025-09-21 19:11:47
53811,Harper Miller,Seattle,2023-08-02 11:02:36
76344,Oliver Baker,Philadelphia,2023-11-01 13:47:11
53394,Kofi Okeke,Philadelphia,2023-07-27 07:07:05
70514,Samir Hamdan,Nashville,2025-06-30 07:20:47
26314,Marlene Becker,Jacksonville,2024-11-05 18:41:39
80165,Grace Cox,San Diego,2024-09-30 10:14:20
36887,Folake Toure,Denver,2023-01-11 23:46:48
4702,Ousmane Asante,San Diego,2025-12-16 11:25:52
80296,Zaid Yousef,New York,2025-06-25 16:22:05
50795,Camila Cruz,San Diego,2024-09-22 20:55:03
52994,Deepak Singh,Columbus,2024-04-04 17:28:04
73939,Timothy Young,Philadelphia,2023-03-10 10:01:29
97326,Sofia Aguilar,Denver,2025-11-26 10:30:35
29442,Aiden Allen,Chicago,2023-11-27 15:32:38
9932,Jessica Stewart,Denver,2023-02-28 09:15:28
45691,Carol Bailey,Houston,2024-09-30 14:47:19
96880,Jessica Jones,Fort Worth,2024-12-30 17:02:57
85288,Kevin Thompson,Dallas,2024-08-09 10:41:17
66430,Fatou Kone,Houston,2023-06-09 10:59:01
19959,Oliver Ward,Boston,2024-03-22 19:30:07
47239,Kevin Ward,Chicago,2024-09-28 17:42:32
16441,Long Deng,Philadelphia,2024-09-08 19:35:14
94892,Hannah Morris,Seattle,2023-04-06 07:27:57
19240,Kevin Anderson,San Antonio,2024-09-16 09:04:26
71857,Pablo Lopez,Houston,2024-04-12 09:08:16
69680,Timothy Robinson,San Antonio,2023-10-06 16:59:54
36550,Kenneth Rogers,Phoenix,2025-09-30 09:13:26
10265,Daniel Harris,Portland,2023-11-11 17:18:44
18421,Ryan Brown,Philadelphia,2024-07-02 12:38:26
34674,Nancy Walker,Dallas,2025-08-28 09:14:03
1946,Mariana Chavez,New York,2025-01-21 16:59:27
91161,Camila Chavez,Houston,2023-07-15 14:22:50
51366,Linda Carter,Denver,2025-05-28 12:16:35
26398,Da-eun Jang,San Antonio,2023-08-12 13:45:19
65957,Bilal Nasser,San Jose,2024-04-05 14:23:51
53560,Woo-jin Kwon,Denver,2025-12-13 12:47:51
21570,Lucas Walker,San Antonio,2023-09-18 13:06:24
87862,Xia Guo,New York,2025-07-16 06:34:56
23091,Michelle Richardson,New York,2024-01-14 09:25:27
54039,Patricia Chavez,Houston,2024-05-19 10:30:34
52007,Li Xie,San Antonio,2025-08-15 13:09:41
28249,Stefano Costa,Phoenix,2024-09-22 08:15:52
36056,Charlotte Reed,Los Angeles,2023-12-29 07:43:52
97996,Hannah Robinson,San Antonio,2024-04-21 06:54:58
96115,Beatrice Russo,San Diego,2023-01-13 15:10:17
84724,Mason Wright,Denver,2024-10-12 15:49:08
96717,Heike Braun,Denver,2024-11-13 08:59:39
7852,Emma Jackson,San Diego,2025-01-08 09:03:37
977,David Johnson,New York,2024-12-10 09:41:27
46533,Ronald Murphy,Philadelphia,2024-07-10 09:28:48
67364,Qing Zheng,Portland,2025-07-21 12:42:27
22139,Thomas Robinson,Houston,2023-11-18 09:23:13
6818,Stephanie Taylor,Dallas,2025-11-10 12:31:58
36746,Rekha Menon,Phoenix,2025-09-29 10:02:55
66502,Michael Mitchell,Portland,2025-08-21 19:08:18
29051,Lin Guo,Phoenix,2025-12-03 22:06:03
42694,Hassan Awad,Denver,2024-01-08 10:46:30
86842,Michael Roberts,Jacksonville,2023-06-27 07:23:04
9480,George Baker,Denver,2025-12-05 10:11:54
47697,Carlos Castillo,Houston,2024-07-02 16:59:32
5005,Betty Lewis,Jacksonville,2025-02-13 13:31:20
95588,Laura Carter,San Antonio,2024-10-19 03:59:35
38244,Pedro Torres,Houston,2025-10-10 15:03:14
33827,Harper Miller,Columbus,2023-04-23 16:13:50
36268,Leon Lange,Dallas,2023-08-05 12:26:43
14161,Ines Ruiz,Columbus,2024-09-23 07:10:40
61708,Sebastian Richter,Fort Worth,2025-11-06 10:25:53
54045,Hui Luo,Seattle,2024-04-02 09:31:30
2850,Jennifer Cook,San Antonio,2024-10-07 14:15:02
58278,Lina Karim,New York,2024-07-09 11:40:01
56953,Ronald Anderson,New York,2024-08-21 20:42:31
67494,Francisco Moreno,Philadelphia,2024-02-12 17:55:34
51669,Adaeze Camara,San Antonio,2024-02-11 16:19:07
77477,Ming Lin,Boston,2024-06-02 09:43:51
26471,Sita Das,Nashville,2024-09-11 18:24:27
69648,Steven Bailey,Jacksonville,2025-10-05 10:59:16
81914,Abigail Morris,Boston,2023-06-29 16:16:56
50543,Timothy Richardson,Nashville,2023-10-11 11:40:04
32927,Leon Schröder,Charlotte,2024-05-18 09:59:40
7391,Haruto Kimura,Columbus,2023-02-25 11:04:13
27067,Tyrone Traore,Charlotte,2024-04-11 19:54:36
46437,Timothy Adams,San Diego,2025-01-17 15:05:49
32630,Sekou Okafor,Phoenix,2025-09-17 17:37:41
58092,Hui Wu,Chicago,2023-12-04 16:44:39
30943,Xin Zheng,Seattle,2025-09-30 22:40:21
54738,Lucas Johnson,Jacksonville,2024-11-09 06:18:05
78900,Manoj Kulkarni,Boston,2023-09-01 16:54:49
30831,Harper Baker,Philadelphia,2025-09-30 06:30:20
84687,Sophia Cook,Seattle,2023-03-25 07:25:17
25600,Cesar Hernandez,Denver,2024-03-02 16:27:48
55488,Charles Smith,Seattle,2025-05-15 12:50:33
20469,John Walker,Denver,2023-09-21 11:47:18
56122,Ying Xie,San Diego,2024-07-23 14:35:48
10802,Donna Allen,Columbus,2024-04-15 12:09:45
50979,Francisco Stewart,Seattle,2024-01-21 11:51:09
45938,Tunde Okonkwo,Columbus,2025-01-14 15:17:35
43855,Gabriela Ruiz,Los Angeles,2025-04-16 09:45:25
66934,Giovanni Mancini,Jacksonville,2024-09-24 07:43:47
56273,Yuki Kobayashi,Chicago,2025-04-21 17:33:06
20993,Laura Cooper,Portland,2025-06-19 13:23:16
58862,Abena Eze,Nashville,2023-06-15 05:58:20
65163,Lin Xu,Nashville,2024-11-26 10:11:10
63243,Stephanie Morgan,Fort Worth,2024-12-21 12:21:55
90668,Cesar Flores,San Antonio,2023-02-22 21:04:57
66115,Nour Said,Nashville,2024-02-24 16:09:11
61585,Richard Murphy,Denver,2025-07-10 12:33:31
48668,Tariq Sayegh,Chicago,2024-01-30 16:24:11
23975,Sebastian Perez,New York,2025-06-04 09:39:02
8994,Oliver Nelson,Boston,2023-10-30 19:22:22
10839,Raul Ortiz,Jacksonville,2025-01-05 14:40:19
94602,Imani Eze,Dallas,2024-06-29 08:06:07
57536,Emeka Traore,Nashville,2024-12-24 08:41:14
11189,Christopher Phillips,Charlotte,2024-06-29 11:51:47
95434,Stephanie Cooper,San Diego,2025-12-18 10:00:37
29975,Grace Campbell,Dallas,2024-06-07 17:50:32
10697,Lucas Cox,Chicago,2024-06-16 11:16:41
36223,Stephanie Stewart,San Diego,2024-09-30 19:28:24
8789,Xin Song,Charlotte,2025-09-12 15:11:10
44337,Dinesh Menon,Austin,2025-06-05 15:39:52
26089,Lei Gao,Philadelphia,2023-12-17 09:31:41
59139,Michelle Allen,Denver,2023-02-23 14:57:21
73104,Lakshmi Shah,Chicago,2024-04-08 21:29:38
46967,Emeka Okeke,Phoenix,2024-10-06 11:47:24
5196,Rebecca Chavez,Denver,2024-07-17 14:24:45
13436,Charlotte Johnson,Portland,2025-03-05 08:40:26
87398,Florian Schwarz,San Jose,2024-06-26 20:02:34
97437,Hannah Johnson,Dallas,2023-07-30 19:52:31
73335,Thomas Rogers,San Jose,2024-09-22 21:51:59
91205,Michelle Howard,Dallas,2025-03-19 09:55:43
65294,Dorothy Hall,Columbus,2025-09-27 08:17:18
69196,Markus Schröder,Los Angeles,2023-06-16 11:18:35
7452,Raul Romero,Nashville,2024-08-23 19:41:03
44220,Nour Said,Chicago,2023-06-07 13:15:19
68675,Mariana Ortiz,Portland,2025-09-27 09:03:53
1046,Matthew Nelson,Fort Worth,2025-06-10 16:08:53
90270,Valentina Gallo,New York,2023-05-10 18:22:17
55351,Oscar Medina,Jacksonville,2025-08-27 16:08:29
70624,Daniela Gonzalez,Jacksonville,2024-07-15 12:00:56
39478,Ramesh Chopra,Houston,2023-05-27 09:45:43
50029,Timothy Anderson,San Diego,2023-01-26 14:39:10
28035,James Anderson,New York,2025-10-18 19:09:27
2200,Kanon Inoue,Charlotte,2024-12-09 08:02:29
23614,Lucia Castillo,Columbus,2023-05-17 14:29:16
11741,Ava Wilson,San Jose,2023-03-09 08:49:45
87311,Anil Kapoor,Seattle,2023-05-30 10:34:47
16223,Giuseppe Rizzo,Dallas,2025-02-21 12:10:22
62449,Joseph Lewis,Houston,2023-04-11 21:18:30
12822,Amanda Scott,Houston,2024-06-30 03:48:20
26175,Honoka Sato,Nashville,2024-03-10 12:38:14
74943,Andrew Walker,Phoenix,2025-10-31 12:16:17
76155,Emma Bernard,Jacksonville,2025-08-01 06:37:36
23660,Donald Nelson,Los Angeles,2023-05-27 10:40:51
47527,Barbara Ward,Nashville,2024-01-04 15:17:25
30183,Tao Sun,Boston,2024-11-24 10:08:36
19924,Leonardo Barbieri,Portland,2024-02-25 10:32:52
8619,Vikram Bhat,Austin,2024-06-29 16:07:55
87248,Steven Anderson,Columbus,2025-10-10 09:59:31
68241,Matteo Bruno,Fort Worth,2025-04-16 17:23:50
91912,Hassan Awad,Seattle,2023-11-20 16:46:38
62584,Yun Wang,Denver,2024-07-23 15:47:48
16169,Divya Reddy,Denver,2024-11-12 12:51:05
40562,Paula Martinez,Dallas,2024-09-01 11:52:29
23720,Lisa Davis,Portland,2025-08-04 03:34:06
9091,Jabari Okonkwo,San Jose,2023-02-04 10:19:16
61353,Sita Singh,Portland,2025-04-25 12:54:59
79005,Daniel Adams,Philadelphia,2024-10-10 18:20:45
45569,Vidya Sharma,Nashville,2024-12-18 13:24:03
80923,Hui Cao,Charlotte,2024-07-16 10:07:44
73065,Harper Scott,New York,2023-10-14 08:47:34
97897,Ha-eun Jung,Fort Worth,2023-03-26 07:46:44
86236,Femi Okeke,Jacksonville,2023-08-03 16:05:19
63874,Richard Robinson,Phoenix,2025-03-15 18:20:07
82760,Steven Phillips,San Antonio,2024-08-28 20:32:33
21096,Chidi Ndiaye,Portland,2023-02-19 11:39:44
23310,Pedro Gonzalez,Los Angeles,2025-03-12 11:10:24
31908,Emma Parker,San Antonio,2024-11-04 23:30:14
91413,Alejandra Morales,San Antonio,2025-01-18 11:35:40
87688,Marlene Jung,Portland,2023-09-29 17:45:43
31524,Fernando Perez,Nashville,2023-11-14 00:03:27
12042,Theo Roux,Los Angeles,2024-08-20 15:28:24
44563,Ming Deng,Charlotte,2024-03-25 12:03:36
8339,Sabine Klein,Phoenix,2023-11-09 17:53:18
8818,Sita Pillai,San Antonio,2024-05-19 15:03:29
54000,Betty Iyer,Austin,2024-02-12 16:34:18
26537,Kevin Mitchell,Houston,2025-08-28 08:27:43
53392,Ngozi Cisse,San Antonio,2023-01-01 05:16:13
58938,Lucas Mitchell,Boston,2024-07-30 13:29:52
91539,Stefan Schwarz,Charlotte,2025-01-18 14:15:09
92483,Meera Joshi,Fort Worth,2023-06-11 10:00:05
88488,Kevin Thomas,Philadelphia,2024-09-21 16:04:54
37062,Feng Zheng,Phoenix,2024-11-22 09:10:41
68953,Richard Howard,Phoenix,2024-08-28 17:52:15
25203,Lakshmi Singh,Denver,2025-08-24 10:24:44
27647,Claudia Schmidt,Portland,2024-09-21 11:20:17
26881,Karthik Shah,San Diego,2023-06-14 14:04:14
1690,Javier Romero,Seattle,2025-06-27 10:52:43
21891,Priya Joshi,Charlotte,2025-05-29 09:54:49
15452,Pilar Gonzalez,Austin,2025-02-12 17:55:35
1248,Kavya Rao,Portland,2023-10-09 17:58:50
71662,Claire Laurent,Portland,2024-01-12 18:50:36
72287,Arjun Kumar,Charlotte,2025-05-05 19:20:41
77936,Maryam Mansour,San Jose,2023-07-21 10:55:48
67607,Riccardo Rossi,San Antonio,2025-02-11 16:37:14
66622,James Howard,Portland,2025-10-14 09:57:06
63072,Thomas Harris,San Jose,2024-09-08 09:21:29
2498,Karen Morris,Portland,2024-01-28 10:31:16
16030,Nathalie Michel,San Diego,2023-10-11 08:31:23
20152,Mia Brown,Jacksonville,2024-05-02 22:26:59
82503,Davide Moretti,Charlotte,2024-06-19 11:30:20
20205,Lucas Baker,Los Angeles,2025-02-14 12:22:15
67584,Bin Wang,Austin,2025-10-03 09:55:58
51907,Bo Luo,San Jose,2025-11-12 08:30:56
88000,Mark Young,Los Angeles,2024-12-22 10:42:11
12152,Hannah Hoffmann,Philadelphia,2024-10-02 07:48:37
31899,Sarah Turner,Columbus,2025-05-15 10:41:44
59066,Ines Herrera,Dallas,2025-02-10 19:35:58
67069,Fang Sun,Fort Worth,2023-08-17 08:23:19
45391,Evelyn Bailey,Austin,2025-11-27 16:35:06
94896,Olivia Adams,Houston,2023-09-21 18:05:20
90804,Nisha Rao,Denver,2023-04-10 06:12:58
67166,Beatriz Vasquez,New York,2025-11-04 08:57:57
50541,Aminata Okonkwo,Houston,2025-04-21 14:28:44
66561,Chloe Green,Chicago,2025-10-28 08:23:48
9408,Antonio Alvarez,New York,2025-09-28 07:15:54
81354,Eduardo Gonzalez,Fort Worth,2023-12-19 14:42:03
34202,Jurgen Schmidt,Nashville,2023-06-05 13:20:52
64060,Patricia Medina,Los Angeles,2023-01-25 14:28:54
47723,Thomas Ward,Austin,2025-10-08 10:20:47
84539,Anil Bose,San Jose,2024-11-08 07:09:42
34762,Evelyn Ward,San Antonio,2023-10-02 13:46:00
24130,Radha Verma,Phoenix,2023-06-22 09:48:55
50113,Yong Hernandez,Philadelphia,2024-02-02 17:02:32
13288,Kevin Taylor,Austin,2023-11-29 09:38:01
60229,Sanjay Sharma,Nashville,2025-10-30 17:45:25
94371,Harper Brown,Jacksonville,2023-03-28 11:19:28
4366,John Roberts,San Diego,2024-11-27 08:33:29
89148,Abena Turner,San Antonio,2025-07-25 10:05:45
37690,Robert Edwards,Seattle,2025-08-26 08:21:12
36531,Hector Gutierrez,New York,2025-10-21 13:07:49
41091,Kenneth Green,Charlotte,2025-05-25 12:43:49
99981,Luis Morales,Seattle,2023-01-06 10:32:02
26668,Mohammed Aziz,Fort Worth,2024-05-29 09:26:37
22005,Sunita Agarwal,Charlotte,2025-10-31 18:43:24
45848,Kevin Thompson,Fort Worth,2024-07-10 14:06:55
39893,Hassan Khalil,Austin,2023-09-21 13:54:21
39755,Joshua Lewis,Dallas,2024-06-29 10:52:28
42129,Kevin Bailey,Philadelphia,2023-12-23 05:46:15
29708,Martina Costa,Dallas,2025-09-02 06:53:21
95345,Jeffrey Hall,San Jose,2023-10-17 10:16:45
76599,Michelle Rogers,San Diego,2024-05-11 11:56:25
17408,Gang Song,Columbus,2025-08-12 17:36:58
17010,Hao Cao,San Jose,2024-04-17 10:39:04
79352,Omar Mansour,Chicago,2024-08-21 15:23:50
61737,Lucas Girard,Columbus,2025-09-01 15:16:12
99760,Valentina Russo,Chicago,2024-09-19 12:59:20
44934,Alessandro Esposito,Boston,2024-04-10 12:07:34
94608,David Thomas,Chicago,2025-09-28 13:36:06
31263,Emma Leroy,San Jose,2025-10-17 20:59:01
46341,Aminata Okeke,Phoenix,2025-02-16 17:54:50
18782,Sharon Walker,Seattle,2025-12-27 10:23:00
88159,Ethan Cooper,Nashville,2024-01-06 12:58:39
39934,Ngozi Cisse,Columbus,2025-01-29 18:01:33
90869,Amelia Evans,Denver,2025-11-11 09:15:18
83375,Ritu Joshi,Chicago,2024-12-16 13:01:13
47501,Juana Flores,Los Angeles,2024-04-20 10:05:36
76666,Joshua Stewart,Portland,2024-10-15 20:25:23
80852,Donna Adams,Phoenix,2023-02-23 22:42:03
86949,Li Ma,Phoenix,2024-04-17 21:37:54
45550,Emily Adams,Philadelphia,2025-09-08 17:08:41
53263,Rosa Chavez,Denver,2024-06-27 08:07:20
40968,Amara Owusu,Jacksonville,2023-05-03 16:26:25
21890,Stefano Rossi,Houston,2024-11-29 17:07:28
46404,Chloe Cooper,San Diego,2024-03-25 05:16:45
88721,Lucia Flores,Jacksonville,2024-07-13 14:38:53
95763,Anna Schmitt,Austin,2025-07-24 13:26:26
75663,Deborah Thompson,New York,2024-04-21 15:16:04
5998,Yan Deng,Philadelphia,2025-04-02 11:04:44
34120,Rahul Agarwal,Philadelphia,2023-08-05 13:18:07
78282,Mia White,Portland,2024-01-11 13:43:50
34104,Sita Bose,Jacksonville,2023-04-02 23:16:27
77405,Yousef Ruiz,New York,2025-07-01 14:46:20
3273,Olivia Murphy,Dallas,2025-10-03 15:39:24
76829,Varun Marino,Houston,2023-08-01 17:01:18
14820,Ronald Nwosu,Phoenix,2023-02-24 11:25:36
1517,Nia Okafor,Fort Worth,2023-02-28 17:43:40
48737,Jennifer Murphy,Charlotte,2024-12-19 15:38:06
89757,Ali Najjar,Jacksonville,2023-10-21 10:52:45
50092,Maryam Karim,Chicago,2023-01-09 13:15:56
61864,Richard Howard,San Jose,2023-02-04 13:02:00
83226,Manuel Castillo,Dallas,2024-09-01 00:57:19
5703,Tao Lin,San Jose,2025-10-10 15:13:59
54972,Gabriela Alvarez,San Antonio,2024-05-16 13:45:10
49480,Amit Iyer,Phoenix,2023-10-02 14:18:27
12095,Pilar Hernandez,Columbus,2024-08-14 13:05:42
72879,Patricia Sanchez,Denver,2024-07-29 08:11:07
67674,Greta Romano,Columbus,2024-07-27 12:57:12
65439,Gaurav Banerjee,Boston,2025-01-30 15:08:52
63847,Nancy Parker,Chicago,2024-01-01 15:42:14
48283,Joon-woo Kang,San Jose,2025-12-12 07:42:36
76947,Vijay Reddy,Phoenix,2025-04-10 13:40:07
32101,Manuel Morales,Philadelphia,2023-12-15 15:57:25
97268,Oliver Parker,San Diego,2025-04-23 16:18:18
16770,Henry Richardson,Fort Worth,2023-06-30 13:24:00
89256,Jack Cook,Los Angeles,2024-08-21 22:27:54
11503,Lin Yang,Austin,2025-05-02 08:30:05
28451,Ama Diallo,Nashville,2025-11-11 14:36:30
50220,Robert Rogers,San Diego,2025-03-05 07:53:45
57132,Ava Evans,Denver,2024-08-09 14:15:27
44503,Stephanie Thompson,Dallas,2025-07-05 12:30:17
19004,Marion Michel,Nashville,2023-06-05 08:50:06
69015,Samir Najjar,Denver,2023-08-18 12:01:24
925,Ricardo Alvarez,Austin,2023-12-30 12:46:37
29186,Stephanie Walker,San Jose,2024-09-22 06:17:06
16140,Kavya Chopra,Seattle,2023-10-26 14:58:03
23262,Chloe Cook,Charlotte,2024-04-05 20:43:05
58386,Laura Walker,Chicago,2024-11-22 10:02:06
95879,Linda Cook,San Antonio,2025-10-16 14:34:13
92779,Rekha Pillai,Houston,2024-10-17 13:03:17
3393,Dorothy Young,Boston,2023-04-23 09:16:36
60214,Ramesh Menon,San Jose,2023-07-24 12:58:56
42949,Khalid Haddad,Boston,2023-08-23 10:01:30
69670,Davide Greco,Nashville,2025-05-24 14:46:39
54115,Karen Johnson,Philadelphia,2024-04-09 17:50:25
1,Neha Bhat,Seattle,2023-06-12 19:02:48
95994,Margaret Howard,New York,2024-10-15 01:09:34
7117,Gabriela Jimenez,Portland,2025-04-28 12:28:05
36760,Kemi Kone,Fort Worth,2023-03-16 13:29:40
19068,Kofi Gutierrez,Portland,2023-11-09 15:18:52
24621,Shota Ito,Jacksonville,2025-12-11 10:55:48
41894,Alejandra Rodriguez,San Jose,2023-08-06 11:51:34
61560,Jason Taylor,Columbus,2025-10-01 09:21:58
14153,Leon Davis,Los Angeles,2025-02-18 17:03:21
34480,Vittoria Costa,Phoenix,2025-02-20 13:53:49
57382,Marco Costa,Chicago,2023-08-13 06:01:30
41190,Carlos Torres,Charlotte,2023-11-22 16:56:20
33354,Amit Mehta,Portland,2025-09-14 22:30:06
97237,Amira Hamdan,Seattle,2024-07-15 13:59:03
97302,Chidi Owusu,Houston,2024-02-20 07:29:46
6349,Ahmed Hamdan,Boston,2025-11-18 14:03:32
49962,Mark Cooper,Boston,2024-05-26 04:52:35
33033,Martina Esposito,Houston,2025-11-20 07:12:59
57211,Rebecca Green,Boston,2025-09-22 10:32:02
83790,Christopher Green,San Diego,2023-11-17 13:44:46
89626,Chloe Martin,Columbus,2025-02-23 02:13:43
13137,Elena Rodriguez,Chicago,2023-12-21 17:09:23
97278,Emily Jones,San Jose,2025-01-27 13:16:24
96422,Sita Verma,Seattle,2025-07-19 08:05:05
64130,Donald Thompson,Portland,2025-05-07 17:25:22
82273,Fang Guo,San Antonio,2023-01-14 11:17:13
97229,Lorenzo Ricci,Seattle,2023-03-29 15:02:19
58578,Soo-ah Cho,Phoenix,2024-08-17 13:23:05
29644,Ingrid Krüger,Austin,2025-01-26 14:02:38
54521,Nao Sasaki,Jacksonville,2024-12-09 10:39:30
98293,Sota Yamada,Jacksonville,2024-03-31 08:31:27
567,Amara Toure,San Antonio,2023-03-22 06:58:35
32731,Shu Wu,Dallas,2023-12-23 17:14:20
15245,Chao Guo,Boston,2023-09-01 13:44:43
99182,Malik Mensah,San Diego,2024-09-04 20:30:36
78286,Michael Taylor,Boston,2023-11-11 17:35:32
92522,Rohan Menon,San Jose,2023-04-12 08:35:44
39241,Brian Campbell,San Antonio,2024-12-24 08:33:23
28132,Arjun Das,Chicago,2024-07-01 10:57:50
56828,Huda Mansour,Denver,2023-05-03 12:43:52
23613,George Anderson,Jacksonville,2023-03-20 10:31:00
23795,Pranav Pillai,Philadelphia,2025-10-09 12:40:12
5694,Dina Farah,Los Angeles,2025-03-07 07:04:21
6661,Greta Moretti,Boston,2023-03-18 13:48:33
97599,Patricia Gomez,Dallas,2023-12-07 15:31:13
53769,Vikram Pillai,San Antonio,2024-03-13 08:19:39
66722,Luis Mendoza,Columbus,2025-11-11 09:55:27
3098,Anthony Rogers,Austin,2025-03-02 22:06:20
52462,Ngozi Okonkwo,Columbus,2024-04-14 19:16:08
22266,Carlos Herrera,Charlotte,2024-10-18 18:08:14
29190,Pablo Rivera,Charlotte,2025-05-10 14:57:50
18470,James White,New York,2024-04-22 16:27:25
14574,Ousmane Owusu,Portland,2023-10-15 17:32:45
12007,Susan Martin,Columbus,2024-03-13 13:30:41
26485,Grace Morgan,Charlotte,2023-07-31 08:38:38
96546,Liam Miller,New York,2024-07-01 13:31:46
19313,Claudia Reyes,Philadelphia,2024-04-29 07:50:05
88963,Elijah Brown,Philadelphia,2025-11-19 16:52:50
2042,Sofia Sanchez,Dallas,2025-08-09 11:31:31
69121,Min-jun Jung,Boston,2023-09-27 16:41:08
92505,Michael Morgan,Dallas,2024-01-26 14:11:49
37082,Tyrone Nwosu,Seattle,2025-07-17 19:13:22
16336,Isabella Mendoza,Boston,2024-04-09 10:34:40
46399,Daiki Ito,Jacksonville,2025-10-28 11:07:31
69852,Isabelle Moreau,Dallas,2024-03-19 11:07:45
60510,Elizabeth Adams,Austin,2023-10-18 10:24:35
81545,Li Han,Chicago,2025-08-04 09:18:54
33644,Elizabeth Bell,Dallas,2025-06-05 11:15:48
15076,Zhen Zhao,Portland,2025-12-07 09:36:32
22758,Zaid Karim,Los Angeles,2023-10-12 16:51:34
651,Wei Xie,Chicago,2024-05-26 03:44:55
54837,Matthew Parker,Phoenix,2025-02-20 03:46:47
62753,David Campbell,Austin,2024-04-14 23:09:13
52403,Raul Cook,Fort Worth,2024-04-11 09:22:56
78976,Felix Neumann,Austin,2023-11-14 07:11:05
55411,Li Conti,Jacksonville,2025-04-11 19:26:15
7227,Jeffrey Marino,Denver,2024-09-03 12:09:10
77821,DeShawn Costa,San Antonio,2023-05-17 14:11:31
67319,Cheng Guo,San Jose,2024-08-03 15:09:38
44318,Dong-hyun Choi,San Diego,2023-02-09 16:18:24
95063,Ronald Campbell,Philadelphia,2024-07-29 08:50:48
48008,Lorenzo DeLuca,Nashville,2024-08-20 23:08:19
55675,Gang Hu,Houston,2025-11-15 23:27:36
66812,Claire Girard,Fort Worth,2023-10-09 06:47:50
79538,Aditya Hegde,San Diego,2024-05-27 16:08:01
48793,Zaid Morel,Chicago,2023-11-08 19:58:24
15121,Elena Ruiz,Dallas,2024-11-06 10:08:38
2057,Klaus Bauer,Los Angeles,2024-09-06 15:51:34
25648,Woo-jin Yoon,Charlotte,2023-11-29 12:24:33
15729,Ahmed Sayegh,Houston,2023-10-25 14:01:59
89694,Zainab Robinson,Austin,2025-02-03 09:44:51
13641,Jade Garcia,Jacksonville,2024-06-22 17:17:56
39566,Lisa Bell,Philadelphia,2024-12-01 08:43:54
6935,Lucas Turner,Houston,2024-01-19 14:04:58
7010,Teresa Ramos,Columbus,2024-05-16 15:56:10
29937,Florian Meyer,Houston,2025-06-12 15:50:37
80988,Gabriela Medina,Columbus,2024-01-13 05:57:49
21416,Richard Martin,San Antonio,2025-12-03 16:41:26
87962,Brian Phillips,Portland,2024-04-20 16:45:28
91723,Teresa Medina,Los Angeles,2025-03-22 14:34:27
58772,Melissa Cook,Austin,2023-09-08 10:16:33
97856,Margaux Morel,Phoenix,2024-04-30 19:24:25
2240,Laurent Roux,Columbus,2023-04-04 23:12:37
75366,Amit Robinson,San Jose,2024-10-15 17:37:53
30378,Tariq Hassan,Houston,2025-04-21 08:22:12
12265,Aurora Ferrari,Dallas,2024-12-29 14:22:41
83200,Chiara Greco,Houston,2024-10-24 21:47:46
8295,Tyrone Okeke,Portland,2023-08-03 12:29:13
59423,Petra Fischer,Jacksonville,2024-08-24 19:33:28
6895,Mark Richardson,Jacksonville,2025-11-19 08:44:24
1980,Neha Hegde,Chicago,2023-04-17 09:08:13
34095,Aiden Johnson,Houston,2025-02-02 10:58:33
96313,Antonio Gonzalez,Columbus,2025-08-30 09:13:54
22521,Michael Thompson,Philadelphia,2025-06-03 19:13:13
62077,Huda Najjar,Chicago,2023-12-17 08:46:07
54343,Anthony Nelson,Nashville,2023-06-12 02:22:15
94409,Elizabeth Turner,Boston,2023-10-06 07:44:03
1464,Akosua Toure,Fort Worth,2025-03-30 17:28:12
13842,Sebastian Torres,Houston,2023-01-25 14:50:03
74506,Claudia Green,New York,2023-01-01 21:29:58
5131,Layla Saleh,San Antonio,2025-03-09 03:50:08
348,Sara Ferrari,Jacksonville,2024-12-22 08:45:02
35781,Sebastian Sanchez,New York,2023-06-18 08:09:36
73381,Chidi Asante,Houston,2024-02-06 08:27:33
8648,Sita Desai,San Jose,2024-01-02 11:42:28
98832,Xin Zhu,Fort Worth,2023-04-01 06:20:38
79329,Catalina Vasquez,Jacksonville,2024-12-27 12:10:00
1047,Joseph Jackson,Nashville,2023-06-20 06:42:11
58598,Ava Harris,Phoenix,2023-02-10 05:30:34
50922,Louise Petit,Jacksonville,2023-03-02 09:15:04
35518,Kofi Okonkwo,Fort Worth,2025-08-08 15:27:43
25138,Lena Jung,San Antonio,2023-10-23 15:36:39
75027,Rebecca Smith,Jacksonville,2023-12-04 10:29:56
87605,Kenneth Davis,Houston,2023-04-09 10:52:24
53988,Valentina Jimenez,Jacksonville,2025-01-29 09:14:30
15754,Ramesh Kulkarni,Los Angeles,2023-07-06 13:38:31
41450,Daniel Mitchell,Jacksonville,2024-06-20 13:16:08
79229,Priya Rao,New York,2023-04-20 14:21:14
19620,Deepak Iyer,San Diego,2024-01-04 00:08:55
87620,Mustafa Khoury,Charlotte,2023-10-14 20:29:36
90559,Juana Gomez,San Antonio,2023-10-26 15:50:36
73581,Mason White,Portland,2025-08-20 10:06:36
55180,Pallavi Kapoor,Austin,2024-01-07 12:18:16
26374,Olivia Collins,New York,2024-10-04 11:01:16
12957,Aisha Toure,San Diego,2024-01-31 09:42:05
51370,Sofia Aguilar,San Diego,2023-10-28 18:59:40
69571,Kavya Shah,Dallas,2024-08-16 10:22:34
28114,Rekha Patel,Los Angeles,2023-02-09 11:05:21
81072,Liam Reed,Los Angeles,2024-02-08 07:49:02
84563,Mio Tanaka,Dallas,2024-12-18 10:08:35
57801,Jennifer Cooper,Fort Worth,2025-01-31 17:52:35
32663,Emma White,San Diego,2025-10-15 10:10:16
12596,Anna Jung,Charlotte,2025-11-02 12:50:40
78793,Edward Morris,Philadelphia,2023-02-28 17:21:20
33676,Jason Green,Charlotte,2023-05-05 07:57:25
37163,Eun-ji Lee,Seattle,2023-06-27 09:37:49
71175,Tunde Boateng,Phoenix,2025-11-14 14:05:44
63834,DeShawn Boateng,Columbus,2024-08-05 10:07:58
90172,Amira Yousef,San Antonio,2025-10-13 20:45:57
83073,Amit Desai,Seattle,2025-06-01 20:46:21
88842,Barbara Howard,Boston,2023-10-13 07:09:32
92,Linda White,Charlotte,2025-03-02 17:03:15
86565,Ngozi Nwosu,Portland,2024-10-06 08:47:57
88999,Luca Romano,Denver,2025-06-02 18:51:58
80744,So-yeon Song,Phoenix,2025-11-09 18:47:59
74017,Sung-min Hwang,Boston,2025-10-29 08:21:15
55472,Pablo Hernandez,Dallas,2024-02-23 13:02:32
94142,Radha Iyer,Austin,2023-06-26 08:57:48
78714,Aisha Cisse,Chicago,2023-07-11 07:44:00
13174,Paula Chavez,New York,2023-03-12 10:13:50
53478,Arjun Malhotra,Philadelphia,2023-04-04 15:17:54
20105,Miguel Rodriguez,Chicago,2025-09-22 21:31:13
76814,Elena Jimenez,San Antonio,2024-01-25 20:04:06
33168,Harish Reddy,Chicago,2024-10-11 08:46:34
64072,Andres Rivera,Boston,2025-04-12 15:14:49
39386,Ming Hu,Seattle,2025-05-21 01:32:38
58184,Veronica Romero,Seattle,2023-06-10 18:29:29
42017,Paul Smith,Austin,2024-12-28 07:37:28
9035,Nour Karim,Fort Worth,2023-09-26 04:56:36
86511,Farah Yousef,Boston,2024-08-12 08:38:53
3447,Nour Haddad,Chicago,2023-04-25 09:08:10
70718,Smita Agarwal,Houston,2025-12-05 18:06:09
78919,Qing Gao,Jacksonville,2024-05-25 11:04:44
622,Paolo Giordano,Boston,2025-11-05 20:00:02
98450,Yaw Schröder,New York,2024-12-07 09:24:13
28455,Yaw Okafor,Chicago,2025-12-23 11:48:01
17688,Femi Cisse,Austin,2023-10-19 11:35:59
18997,Jorge Mendoza,Jacksonville,2023-05-10 15:01:15
62356,Rashid Ali,Phoenix,2024-12-11 11:44:19
34567,Stefan Schwarz,New York,2024-05-01 08:47:30
21782,Miguel Medina,Austin,2023-11-11 11:38:32
25986,Chao Liu,Austin,2025-03-09 17:48:41
10907,Karim Awad,San Jose,2024-09-07 12:16:57
86489,Folake Okafor,San Jose,2025-01-28 01:13:33
18445,Susan Richardson,Dallas,2023-06-11 13:22:21
56595,Franziska Meyer,Seattle,2024-02-26 11:43:11
8474,Robert Ricci,Fort Worth,2025-03-23 09:00:29
287,Honoka Tanaka,Chicago,2024-01-02 09:05:45
59106,Wolfgang Schwarz,Seattle,2024-02-20 08:06:53
94122,Ananya Bose,Charlotte,2023-01-26 15:30:00
49550,Jorge Ramos,San Jose,2023-09-23 06:00:49
43148,Edward Allen,Phoenix,2023-09-20 07:01:00
87617,Camille Simon,Fort Worth,2024-03-11 14:48:28
70851,Matthias Becker,Seattle,2024-02-14 07:31:02
9786,Ines Gutierrez,Denver,2024-01-31 18:42:48
11662,Oliver Martin,Fort Worth,2024-11-15 00:59:04
52917,Deborah Wilson,Charlotte,2024-08-25 06:30:32
69209,Barbara Baker,San Diego,2025-01-22 17:48:47
63911,Cheng Zhou,Jacksonville,2023-06-12 08:25:16
34332,Rekha Menon,Seattle,2023-07-28 16:50:20
25531,Lucas Bell,Nashville,2024-12-05 10:28:19
91525,Isabella Romero,Los Angeles,2023-08-20 17:56:29
25934,Harish Hegde,Nashville,2024-07-30 10:52:12
69835,Dorothy Brown,Los Angeles,2024-02-07 05:32:42
63998,Liam Michel,Boston,2023-03-01 11:05:51
16005,Claudia Werner,San Jose,2023-06-01 16:53:00
50888,Claudia Medina,Boston,2024-08-28 07:22:33
54694,Melissa Nelson,Los Angeles,2023-12-30 12:06:50
58328,Jade Simon,Portland,2023-04-06 08:18:28
83377,Tariq Ali,Nashville,2023-09-25 14:12:20
21300,Chioma Adeyemi,Charlotte,2024-05-25 12:57:35
80836,Kevin Jackson,Nashville,2023-06-15 02:05:03
61880,James Jones,Boston,2023-11-26 16:05:24
70715,Juan Yang,Jacksonville,2023-10-04 07:25:31
94935,Harper Bell,Columbus,2024-01-30 11:33:06
98836,Abigail Bailey,Jacksonville,2023-09-21 13:53:42
25051,Aurora Russo,Nashville,2024-05-01 07:05:24
20088,Amadou Mensah,Phoenix,2025-05-15 14:40:19
54293,Ryan Thomas,Denver,2024-06-09 08:50:11
44921,Florian Becker,Jacksonville,2025-11-19 17:11:48
1144,Dorothy Wilson,Jacksonville,2023-01-09 17:02:03
59309,Francesca Gallo,Austin,2025-03-08 11:24:30
50225,Andrew Edwards,Charlotte,2025-07-27 16:29:28
29852,Lisa Collins,Los Angeles,2024-02-13 00:10:36
69058,Carmen Chavez,Portland,2025-05-13 08:46:04
90750,Dorothy Richardson,San Diego,2024-11-04 04:56:46
49543,Sebastian Krüger,Nashville,2025-10-06 09:08:55
13404,Louis Martin,Austin,2024-03-05 09:50:45
55500,Lei Huang,San Jose,2023-02-08 08:24:29
89595,Anna Ricci,San Antonio,2023-03-15 09:02:38
23697,Bin Luo,Portland,2023-09-03 11:48:35
59521,Ahmed Mansour,Jacksonville,2024-07-17 14:42:48
25926,Veronica Rivera,Denver,2023-05-13 13:03:08
42953,Li Gao,Columbus,2023-03-17 13:35:32
27220,Juana Moreno,San Jose,2024-03-02 14:07:30
40716,Olivia Phillips,Austin,2023-01-13 16:01:57
88749,Ronald Stewart,San Diego,2023-06-19 07:00:15
90777,Emma Esposito,Austin,2025-09-19 15:28:38
14541,Emily Thompson,Portland,2024-07-28 10:31:48
2573,Dorothy Parker,San Antonio,2023-05-10 02:28:05
74692,Rebecca Hall,New York,2024-11-18 09:24:04
82084,Carol Thomas,Portland,2024-02-23 16:02:08
34625,Nikhil Malhotra,Portland,2024-04-12 17:41:30
66790,Nasser Najjar,Nashville,2024-12-16 06:09:54
34484,Sabine Neumann,Dallas,2025-09-15 05:38:20
17080,Jeffrey Ward,Los Angeles,2024-05-17 11:47:27
60135,Carmen Moreno,Denver,2024-12-15 08:36:34
83639,Misaki Ito,San Diego,2023-10-14 13:13:53
98412,Patricia Nelson,San Diego,2025-07-17 09:22:55
93941,Jabari Boateng,Boston,2025-11-09 11:12:10
74945,Pranav Banerjee,Fort Worth,2025-08-12 09:40:43
30726,Leila Awad,Fort Worth,2023-04-25 03:01:06
11983,Daniel Cook,Portland,2024-03-23 12:21:39
81680,Camila Hernandez,San Jose,2025-07-19 09:28:53
62935,Ananya Desai,Philadelphia,2024-04-10 15:29:34
97351,Antonio Colombo,Charlotte,2023-12-26 12:42:22
38562,Edward Edwards,Houston,2025-07-26 09:58:10
74803,Divya Menon,Phoenix,2025-05-18 20:04:58
67689,Arthur Michel,Phoenix,2023-11-22 01:04:02
75758,Laura Thompson,Philadelphia,2025-11-14 14:38:51
94077,Alice Bruno,Chicago,2024-06-18 13:34:13
55069,Riccardo Barbieri,Portland,2024-09-02 19:53:29
26498,Matthias Schröder,Boston,2023-10-24 09:51:23
33327,Liam Wilson,Jacksonville,2025-07-19 10:31:13
39370,Suresh Martinez,Portland,2024-08-24 10:34:33
37373,Jeffrey Green,Columbus,2024-10-08 14:17:56
33109,Kojo Asante,Jacksonville,2025-03-31 11:19:23
89638,Steven Green,Phoenix,2025-02-01 14:54:18
31798,Ashok Singh,Houston,2025-12-13 05:04:11
41094,Kojo Ndiaye,Chicago,2025-10-04 20:19:39
12093,Paul Adams,Dallas,2023-06-07 08:39:25
17407,Sofia Gomez,Portland,2025-11-05 13:39:15
82348,Jennifer Rogers,Dallas,2025-02-05 18:34:35
76383,Ying Chen,Charlotte,2023-11-09 19:50:26
84954,Pierre Lefebvre,Portland,2024-05-23 08:57:56
14784,Pooja Chopra,Austin,2024-09-27 17:37:06
44696,Daniel Green,Chicago,2025-04-07 17:55:07
75689,Ethan Bell,Denver,2025-05-01 16:27:11
74168,Arjun Nair,New York,2024-06-14 14:46:58
69382,Wei Xie,Nashville,2025-06-04 20:44:37
91772,Nikhil Bose,Philadelphia,2023-05-15 13:26:17
70380,Huda Karim,Phoenix,2025-04-05 08:41:01
42673,Elizabeth Williams,Chicago,2024-04-01 08:59:17
86464,Robert White,Columbus,2025-01-20 20:27:34
8083,Rosa Jimenez,Boston,2024-01-31 08:47:53
976,Smita Reddy,San Antonio,2023-10-31 09:59:31
76996,Lena Koch,Denver,2024-10-06 12:26:06
32092,Mateo Flores,San Jose,2023-02-12 14:30:52
3140,Rekha Mukherjee,Columbus,2025-03-15 18:38:12
3891,Manuel Stewart,Dallas,2025-07-24 13:23:01
53782,Lea Petit,Dallas,2023-09-21 12:26:23
72857,Ines Herrera,Chicago,2024-09-18 14:42:04
90657,Patricia Taylor,San Antonio,2024-08-06 13:40:46
1133,Carlos Reyes,Seattle,2023-06-30 14:46:46
75214,Michael Scott,San Diego,2025-06-04 13:25:54
94096,Lucia Vasquez,Jacksonville,2024-05-20 22:43:01
8367,Andrew Allen,Columbus,2024-11-01 08:24:34
9998,Elijah Evans,Dallas,2023-06-28 18:51:24
79865,Katharina Fischer,Columbus,2023-11-27 09:36:33
11341,Michelle Ward,San Diego,2024-02-08 17:32:29
31889,Sakura Hayashi,Austin,2024-06-06 13:34:00
76479,Anil Das,Charlotte,2024-01-12 06:48:54
21573,Pablo Hernandez,San Diego,2024-03-24 11:04:48
64136,Margaux Martin,Charlotte,2023-08-26 07:51:22
87065,Marco Conti,Jacksonville,2025-11-21 13:40:10
36665,Bilal Nasser,New York,2023-10-31 15:04:03
13845,Hana Rahman,Seattle,2025-12-20 10:02:54
36891,Harper Johnson,Houston,2025-10-21 17:09:22
81283,Faisal Hamdan,Philadelphia,2025-04-03 19:53:32
76134,Kenneth Harris,Chicago,2025-09-24 17:59:38
39499,Diego Perez,Nashville,2024-11-04 14:45:19
26806,Kai Zhou,Philadelphia,2023-07-15 06:25:40
49595,Lukas Koch,Dallas,2025-01-02 10:36:34
86963,Harper Miller,Fort Worth,2023-07-23 06:54:56
36937,Aiden Campbell,Houston,2024-03-30 11:13:22
87158,Kenneth Morris,Fort Worth,2024-07-24 09:41:00
22419,Anthony Johnson,San Diego,2024-03-17 10:27:43
28901,Brian Mitchell,New York,2025-06-16 13:39:15
37947,Mariana Martinez,Austin,2024-07-04 15:16:24
8849,Antonio Rivera,Portland,2024-01-25 18:48:51
89330,Elizabeth Adams,Austin,2024-10-01 10:25:02
72726,Felix Klein,Chicago,2024-03-02 10:20:35
45551,Paul Bailey,Philadelphia,2024-12-30 07:47:56
80261,Sandra Agarwal,Los Angeles,2024-01-16 10:52:01
57529,Antonio Lopez,Philadelphia,2024-10-02 12:33:40
91580,Jabari Camara,Columbus,2025-12-20 13:53:35
50295,Marlene Schwarz,Columbus,2023-07-01 13:43:46
74977,Grace Cooper,Seattle,2023-10-04 16:56:11
24201,Petra Hoffmann,Denver,2024-04-24 14:55:57
62686,Deborah Baker,Houston,2023-12-30 15:59:06
41073,Jules Michel,Austin,2024-11-09 16:34:52
83506,Brian Parker,Portland,2025-01-17 13:51:36
24506,Hannah Thompson,Jacksonville,2025-01-16 07:26:56
89730,Barbara Morgan,Los Angeles,2023-06-30 15:28:48
50832,Juan Han,Los Angeles,2024-12-04 10:54:11
77467,Kofi Okeke,San Jose,2025-01-15 10:04:01
84272,Karim Ali,Fort Worth,2023-07-29 02:29:58
56413,Nisha Kapoor,Charlotte,2025-02-23 15:06:32
48853,Na Ma,Columbus,2023-04-06 15:13:06
64772,Yuto Matsumoto,Jacksonville,2024-09-17 16:10:30
1605,Vidya Richardson,Houston,2025-04-14 09:44:49
65413,Aurelie Mercier,Boston,2025-05-23 09:38:35
73629,Hana Yamada,Chicago,2023-08-30 07:06:45
46196,Mason Evans,Chicago,2025-05-05 10:39:37
86594,Charlotte Wolf,Charlotte,2023-06-20 12:06:32
16240,John Collins,Jacksonville,2023-12-26 16:06:25
7530,Stefan Fischer,Jacksonville,2023-11-21 09:41:28
91344,Harper Perez,San Jose,2024-11-18 15:42:34
55131,Ruben Ramos,Phoenix,2025-03-05 09:16:28
95053,Chao Liu,Boston,2024-05-23 11:41:52
86659,Ye-jin Jung,San Jose,2023-05-24 15:22:15
31414,Jack Bailey,Denver,2025-10-13 17:05:07
2122,Long Chen,San Antonio,2025-02-27 19:12:43
56932,Mason Phillips,Denver,2024-02-16 12:06:48
62050,Barbara Howard,San Diego,2024-09-15 13:21:51
96310,Deborah Morris,San Diego,2023-07-30 05:59:59
1970,Nancy Allen,Seattle,2024-10-19 17:22:11
26818,Oliver Harris,Philadelphia,2024-12-20 10:15:25
64406,Ronald Smith,Portland,2025-03-05 12:03:56
91704,Michelle Edwards,Fort Worth,2024-06-01 12:11:17
95960,Lucia Moreno,Austin,2023-03-23 16:44:35
51253,Fang Wang,Denver,2024-06-01 11:59:11
68991,Matthew Ward,Los Angeles,2023-05-23 08:13:35
21964,Francesca Rossi,Austin,2025-03-13 11:34:11
73528,Sota Sasaki,Fort Worth,2024-08-23 07:07:55
73082,Andres Rodriguez,Seattle,2025-11-13 10:04:06
21552,John Richardson,Philadelphia,2023-03-04 21:44:51
45309,Monika Meyer,Austin,2025-05-24 17:55:17
73098,Giovanni Rizzo,Charlotte,2023-06-17 06:41:01
47658,Mia Adams,Fort Worth,2023-01-28 11:23:26
6689,Jun Zheng,Charlotte,2023-02-01 07:42:52
6012,Daniela Sanchez,Houston,2024-06-20 14:42:37
6146,Layla Hamdan,Seattle,2025-04-30 20:49:14
64477,Laura Taylor,Fort Worth,2023-08-25 21:12:17
68853,Chloe Harris,Boston,2025-02-25 00:23:23
99305,Gang Zhou,Phoenix,2024-11-06 15:10:03
38394,Laurent Faure,Houston,2024-05-03 12:50:50
61358,Monika Schwarz,Dallas,2024-04-01 09:50:07
6413,Hannah Hoffmann,New York,2023-08-27 07:18:59
76150,Patricia Davis,Boston,2024-01-27 16:30:46
52914,Noah Robinson,San Diego,2024-07-09 08:54:41
10766,Sekou Nwosu,San Jose,2023-06-23 09:59:58
57264,Imani Adeyemi,Nashville,2025-12-22 10:02:55
11068,Kojo Camara,Jacksonville,2023-11-30 06:54:19
28719,Pooja Reddy,Los Angeles,2025-12-16 07:27:04
44492,Daniel Parker,Houston,2024-03-18 08:24:37
54821,Caleb Turner,Dallas,2025-02-25 09:22:46
64375,Lena Schröder,Boston,2024-05-29 09:05:45
93216,Fatou Keita,Los Angeles,2023-07-13 06:24:32
85188,Beatriz Gomez,San Antonio,2024-08-20 15:52:40
94913,Smita Verma,Charlotte,2025-01-20 11:50:32
68875,Lisa Lewis,New York,2023-08-22 09:51:11
66480,Timothy Carter,Fort Worth,2024-04-17 12:57:43
57643,Kwame Adeyemi,Jacksonville,2023-03-10 15:36:20
88742,Neha Desai,Nashville,2024-03-14 09:05:18
86109,Elisa Green,Chicago,2023-03-12 06:10:25
60736,Eduardo Gomez,Columbus,2025-03-31 21:05:37
18821,Wolfgang Williams,Jacksonville,2024-03-22 17:25:05
53731,Pascal Laurent,Phoenix,2024-09-07 09:11:32
79770,Matthias Schulz,Boston,2024-06-19 16:22:52
57811,Joshua Reed,Austin,2024-03-09 14:08:24
50332,Alejandra Perez,Columbus,2025-12-22 16:05:55
95795,Elijah Howard,Boston,2025-10-06 14:39:12
50064,Javier Flores,Boston,2024-08-18 17:38:26
90090,Nancy Williams,Houston,2023-02-21 22:36:08
29465,Elijah Martin,Denver,2024-12-20 16:27:51
45898,Yan Wu,Los Angeles,2025-04-25 14:54:27
32380,Petra Weber,Columbus,2024-12-04 11:42:58
45645,Stephanie Wright,Nashville,2025-12-09 10:00:20
73243,Ginevra Ricci,Dallas,2023-03-06 20:43:06
12561,Zara Shin,Chicago,2024-10-26 10:37:03
83811,Kojo Owusu,Fort Worth,2025-10-01 12:23:38
8755,Donald Rogers,Boston,2025-10-17 18:18:26
16603,Anna Schmidt,San Jose,2024-04-08 22:58:48
87946,Soo-ah Kwon,Jacksonville,2024-10-31 12:21:29
83695,Barbara Morris,Charlotte,2023-03-11 13:37:10
2170,Manuel Flores,Charlotte,2024-01-08 11:53:18
46055,Emma Turner,Dallas,2025-02-06 09:46:31
46067,Ryan Ward,Philadelphia,2024-02-08 07:57:38
78269,Ines Ruiz,Charlotte,2025-05-21 11:07:11
40686,Florian Wagner,Denver,2023-11-14 12:23:33
10385,Maximilian Klein,Denver,2023-02-12 05:57:58
62996,James Cox,Los Angeles,2023-07-05 17:39:05
64407,Eduardo Ruiz,Houston,2024-04-17 08:24:00
75885,Dorothy Nelson,Fort Worth,2023-01-20 12:23:21
910,Jade Lefebvre,Seattle,2025-07-12 18:43:10
65211,Malik Nwosu,Dallas,2024-04-22 14:21:06
30093,Daniel Bell,San Jose,2024-11-27 11:26:18
92446,Gaurav Hegde,New York,2023-08-16 20:56:19
74548,Michelle Cooper,Los Angeles,2023-09-19 14:48:10
66043,Julien Morel,San Jose,2023-06-18 16:45:15
55281,Melissa Rogers,Denver,2025-09-17 16:02:36
92580,Anna Bruno,Dallas,2024-08-16 16:25:20
32331,Alice Najjar,Los Angeles,2023-07-05 07:39:38
3754,Sebastian Moreno,Seattle,2025-09-20 12:13:06
25635,Imani Mensah,Austin,2025-10-04 13:13:42
76964,Celine Faure,Columbus,2023-11-26 21:01:47
73701,Owen Harris,Charlotte,2024-11-11 17:44:48
84285,Do-yun Park,Philadelphia,2023-04-18 09:30:21
58613,Aurora Rossi,Austin,2023-03-23 14:25:30
82738,Manuel Ramirez,San Diego,2023-11-20 17:55:10
86503,Birgit Wagner,San Jose,2025-01-30 17:20:04
5641,Karim Yousef,Jacksonville,2024-06-21 10:03:51
76874,Donna Baker,Los Angeles,2023-03-23 17:19:24
89755,Hannah Braun,Jacksonville,2023-06-28 09:36:40
22242,Ruben Vasquez,Chicago,2025-05-02 09:18:29
17031,Julia Klein,Charlotte,2024-12-05 09:13:28
37003,Robert Carter,Los Angeles,2024-05-11 09:13:04
28917,Beatriz Ramos,Houston,2023-04-22 19:23:49
88176,Donna Roberts,Columbus,2023-09-19 14:23:46
20646,Margaret Campbell,Houston,2025-05-07 15:18:19
98462,Katharina Meyer,Jacksonville,2025-11-11 08:51:37
89370,Barbara Young,Seattle,2025-07-04 04:32:56
76631,Matthias Schmidt,Charlotte,2025-05-31 07:16:22
34271,Ashok Mehta,San Jose,2023-10-31 17:21:51
34787,Hao Sun,Seattle,2025-04-14 14:14:12
5328,Mason Campbell,Fort Worth,2023-11-12 14:43:28
97749,Na Zheng,Dallas,2025-03-15 13:41:30
78822,Darius Okonkwo,Jacksonville,2025-01-22 11:37:08
64948,John Taylor,Charlotte,2023-10-08 12:05:59
68345,Neha Bose,Columbus,2023-07-27 12:31:05
42872,Arun Huang,Columbus,2023-05-19 03:35:44
77911,Linda Bell,Denver,2024-04-14 17:34:14
53191,Omar Khoury,San Jose,2023-10-20 14:22:26
18683,Sebastian Aguilar,Portland,2024-04-28 15:00:44
25359,Arjun Agarwal,Philadelphia,2025-04-29 19:10:53
26431,Arjun Bose,Philadelphia,2024-12-18 05:55:15
47921,Caleb Lewis,Boston,2025-10-30 23:17:44
4343,Antonio Jimenez,San Jose,2024-06-17 18:42:37
43049,Jessica Cooper,San Antonio,2024-08-03 16:11:53
47492,Evelyn Murphy,Los Angeles,2025-10-17 18:26:46
71554,Li Zhao,Houston,2024-06-04 11:16:22
81099,Bilal Said,Denver,2024-07-22 11:08:04
57256,Amelia Allen,Philadelphia,2025-11-07 14:48:19
59078,Hui Tang,Chicago,2025-02-01 13:29:27
87151,Alice Lefebvre,Houston,2025-04-24 19:31:11
54222,Richard Richter,Jacksonville,2025-12-14 11:06:16
25440,Laura Roberts,Portland,2023-01-01 13:07:51
36787,Barbara Morris,Denver,2025-04-30 15:39:22
40170,Pooja Rao,San Diego,2024-07-14 13:28:56
5419,Carol Lewis,Phoenix,2025-10-09 13:12:11
31439,Matthew Bailey,Jacksonville,2024-11-25 16:00:09
18913,Andrew Adams,Los Angeles,2024-01-29 13:19:14
87637,Aarti Verma,Portland,2025-06-19 07:23:54
20261,Oscar Ramos,Jacksonville,2023-08-07 12:33:50
61280,Jurgen Neumann,Fort Worth,2024-08-29 15:39:54
9137,Caleb Mitchell,Portland,2023-04-05 18:55:59
32964,Ying Xie,Austin,2025-06-17 17:07:39
35138,Patricia Diaz,Nashville,2023-09-07 15:38:11
18814,Arun Thompson,Houston,2023-01-11 10:19:58
42515,Daniela Gomez,Jacksonville,2025-11-07 17:37:37
41547,Ahmed Hassan,Chicago,2024-10-13 21:10:57
24240,Kemi Okafor,San Antonio,2023-08-16 09:04:55
63790,Brian Cooper,San Jose,2023-05-23 09:11:30
26245,Carol Davis,Philadelphia,2023-03-12 17:01:51
46240,Florian Wagner,Denver,2024-05-19 11:27:30
86646,Kanon Matsumoto,Seattle,2023-04-05 11:23:55
40143,Manoj Mukherjee,Philadelphia,2024-12-05 11:54:17
27145,Ingrid Neumann,Seattle,2025-07-19 12:37:34
49226,Evelyn Collins,Seattle,2023-04-06 12:32:45
30571,Kevin Cooper,San Antonio,2023-02-15 10:16:44
7611,Emma Moretti,Charlotte,2025-08-25 12:39:32
56359,Owen Campbell,New York,2025-08-10 13:44:10
22176,Jason Cooper,Portland,2023-06-18 08:04:42
143,Yousef Karim,Denver,2024-04-22 09:42:44
68046,John Thomas,Chicago,2025-10-06 17:51:45
59004,Mio Sato,Fort Worth,2023-10-31 08:45:31
55430,Richard Wright,Seattle,2025-08-08 18:51:04
88817,Matteo Ferrari,Philadelphia,2024-09-06 12:42:02
89255,Brian Thomas,Jacksonville,2025-09-20 15:47:36
67861,Xiao Tang,Phoenix,2025-05-29 06:32:22
74767,Yuya Takahashi,Houston,2024-11-15 07:59:47
7185,Sophia Wright,Chicago,2024-10-29 19:45:10
63275,Mark Edwards,San Antonio,2025-10-10 16:03:48
87463,Olivia Reed,Phoenix,2023-08-27 17:04:29
66233,Rekha Nair,San Diego,2024-06-28 09:57:12
478,Lan Wang,Houston,2025-07-31 18:01:59
70415,Veronica Morales,Houston,2024-05-04 14:32:51
81583,Noah Adams,Austin,2024-07-30 18:49:42
26246,Daniel Ward,Los Angeles,2024-05-15 07:29:49
61183,Ronald Lewis,Portland,2025-11-09 21:59:24
31448,Charlotte Taylor,Houston,2025-05-27 10:52:58
69806,Charlotte Collins,Portland,2024-01-26 11:40:52
58022,Kiran Menon,San Antonio,2024-07-25 13:41:43
56855,Matthias Weber,Seattle,2025-12-19 13:17:27
18598,Kwame Mensah,Phoenix,2024-05-01 08:23:31
80520,Sebastian Mukherjee,Jacksonville,2024-10-05 10:11:47
76049,Kavya Mukherjee,Dallas,2024-07-11 08:07:30
85345,Christopher Taylor,Seattle,2023-08-11 09:26:53
91436,Kaito Inoue,Dallas,2024-07-26 13:26:37
81791,Joseph Wilson,Portland,2024-04-29 06:14:59
18001,Julia Schwarz,Dallas,2023-11-25 07:54:21
11158,Yousef Farah,Boston,2023-11-29 10:24:05
37027,Luca Moretti,Fort Worth,2025-06-05 07:11:31
20547,Hannah Müller,Charlotte,2023-07-04 15:37:47
92515,Radha Banerjee,Portland,2024-10-08 02:15:21
58230,Honoka Yoshida,Fort Worth,2024-09-26 14:32:32
43941,Daniela Vasquez,San Diego,2025-09-21 12:08:34
67631,Franziska Schwarz,Boston,2024-01-13 09:25:04
58371,Jack Evans,San Diego,2024-09-13 21:29:38
93027,Zahra Aziz,Austin,2023-05-08 16:47:18
97870,Aurelie Bernard,Philadelphia,2024-10-18 12:27:00
45017,Grace Phillips,Philadelphia,2024-10-07 10:09:51
8555,Lisa Scott,San Jose,2025-07-10 11:36:38
34958,Varun Singh,Chicago,2024-03-29 21:08:37
59217,Hector Cruz,Jacksonville,2023-03-07 14:33:11
35611,Adaeze Eze,San Diego,2024-02-12 07:01:09
69381,Richard Mitchell,Jacksonville,2024-11-26 17:40:01
37410,Wolfgang Werner,Chicago,2025-02-14 12:11:18
40650,Tunde Okeke,San Diego,2024-02-02 09:18:26
79947,Camila Gomez,Portland,2023-10-12 21:03:31
13375,Akosua Adeyemi,San Jose,2025-11-11 11:23:33
23986,Gaurav Das,Portland,2023-06-13 10:13:06
89491,Jason Hall,San Diego,2025-07-24 11:15:03
12440,Emma Robinson,Nashville,2025-10-17 15:08:53
47674,Deepa Kapoor,Boston,2025-10-04 19:40:52
56943,Marisol Vasquez,Phoenix,2025-10-30 07:26:59
781,DeShawn Ndiaye,Nashville,2025-11-21 17:44:38
62714,Stephanie Thompson,Dallas,2023-12-08 12:08:50
52091,Aisha Kone,Columbus,2024-10-26 15:02:05
48360,Ethan Williams,Nashville,2023-10-23 16:35:35
20703,Lucia Sanchez,Portland,2025-06-09 16:56:57
44979,Grace Davis,San Diego,2024-07-15 18:12:58
55299,Kenneth Jones,Los Angeles,2024-06-11 10:00:13
50930,Amara Boateng,Jacksonville,2023-08-30 06:54:51
26445,Pranav Reddy,San Diego,2023-10-06 03:46:50
23649,Amadou Sow,Los Angeles,2024-12-19 19:08:21
315,Stefano Colombo,San Antonio,2025-03-15 13:40:15
92034,Jennifer Bell,Dallas,2025-10-09 07:10:13
42328,Yan Liu,Seattle,2023-06-11 09:23:01
21283,Yan He,Boston,2024-06-23 17:16:03
67812,Hassan Khalil,Jacksonville,2023-09-15 11:45:46
74851,Katharina Neumann,San Jose,2023-11-26 21:56:22
34444,Kojo Okeke,Austin,2023-04-18 14:50:02
34779,William Johnson,Austin,2023-01-23 17:38:43
87964,Mary Rogers,San Jose,2023-08-23 17:12:00
43462,Kiran Iyer,Fort Worth,2023-06-01 17:26:17
15163,Juan Barbieri,San Diego,2025-11-13 09:14:21
368,Aminata Keita,Denver,2023-09-28 09:22:39
42670,Maryam Nasser,Fort Worth,2023-12-17 12:21:06
43213,Evelyn Allen,Nashville,2024-11-09 22:04:22
59402,Abigail Cooper,San Antonio,2024-05-05 03:18:27
29568,David Brown,Jacksonville,2025-09-09 09:15:21
14023,Francisco Moreno,San Diego,2023-12-23 17:46:00
2590,Meera Chatterjee,Boston,2025-02-04 13:05:30
33388,Franziska Bauer,Dallas,2024-10-06 09:26:52
8899,Shu Zhao,Boston,2023-05-10 07:06:32
34741,Arthur Morel,Denver,2025-01-22 10:19:24
90229,Daniela Garcia,Columbus,2023-02-09 16:38:54
75986,Stephanie Bailey,Nashville,2025-06-12 09:04:40
5549,Marisol Lopez,Jacksonville,2023-09-25 08:16:33
91443,Isabella Garcia,Jacksonville,2025-03-27 10:39:29
21877,Elena Torres,Phoenix,2024-12-12 08:35:53
90840,Xin He,Houston,2023-08-22 13:13:37
64244,Lukas Schwarz,Columbus,2023-11-02 17:31:40
98091,Min-seo Diaz,Dallas,2023-10-19 03:48:54
53040,Juana Reyes,Chicago,2023-03-11 12:14:29
93599,Emma Hall,San Jose,2024-07-14 10:46:01
63889,Zara Mensah,Portland,2024-02-07 14:30:53
24970,Chioma Kone,Phoenix,2024-01-04 08:28:49
50728,Meera Verma,Los Angeles,2023-02-08 10:28:52
75568,Jeffrey Turner,Philadelphia,2023-07-25 13:15:11
17588,Veronica Cruz,Fort Worth,2025-10-28 09:53:42
23109,Giorgia Gallo,Houston,2024-08-14 14:43:10
49735,Susan Reed,Portland,2024-11-04 15:43:52
63395,Michael Thompson,Boston,2023-01-31 18:03:55
15384,Giulia Moretti,Fort Worth,2025-02-20 15:03:53
82641,Liam Ward,Los Angeles,2025-06-12 10:16:00
78858,Leila Said,Los Angeles,2023-08-22 13:06:46
4442,Daniel Rogers,Fort Worth,2023-07-15 15:46:25
65789,Barbara Wright,San Jose,2023-11-09 10:01:59
59705,Qing Li,San Antonio,2025-07-14 07:58:51
75127,Olivia Roberts,Chicago,2023-09-06 18:29:06
73268,Stefano Ferrari,Boston,2024-10-27 08:55:59
23265,Akosua Owusu,Denver,2025-07-12 14:34:26
15436,Lisa Nelson,Fort Worth,2023-04-13 10:09:51
75649,Dorothy Williams,San Antonio,2023-08-04 16:19:27
66941,David Williams,Los Angeles,2023-11-29 15:50:15
15418,Divya Joshi,Dallas,2024-09-23 12:21:33
98130,Beatrice Ferrari,Chicago,2024-02-13 19:04:01
3777,Vittoria Romano,San Antonio,2024-04-28 09:23:58
99269,Ashley Thomas,Jacksonville,2023-11-29 20:44:22
51518,Li Lin,Portland,2024-06-06 21:48:23
93065,Hector Vasquez,Chicago,2024-12-27 10:21:40
15934,Elisa Ricci,San Jose,2023-03-17 12:10:06
67847,Barbara Roberts,Philadelphia,2025-03-04 13:19:14
10174,Divya Mehta,San Diego,2023-10-04 10:41:23
47745,Jorge Diaz,Denver,2025-08-18 10:13:42
32704,Aminata Ndiaye,Los Angeles,2025-02-13 16:26:47
77888,Hugo Krüger,Columbus,2023-09-25 22:48:28
70570,Caleb Walker,Austin,2024-10-07 03:03:28
72314,Emma Richardson,Phoenix,2024-01-09 10:08:58
29906,Stephanie Baker,Chicago,2023-09-02 10:37:42
13604,Yasmin Rahman,Dallas,2023-12-08 10:56:12
66306,Deborah Davis,Chicago,2023-01-15 08:05:14
70578,Paula Morales,San Antonio,2023-03-10 14:52:35
13637,Aurora DeLuca,New York,2023-06-23 17:25:16
62419,Caleb Martin,Boston,2023-11-02 15:46:09
11684,Radha Kapoor,Seattle,2025-09-01 18:43:04
47507,Alice Costa,Nashville,2025-05-04 15:50:32
62893,Patricia Davis,Jacksonville,2024-05-08 17:54:09
21048,Paula Ramirez,Charlotte,2025-11-14 11:22:10
85353,Vittoria Lombardi,New York,2024-11-27 18:47:08
28391,Ronald Stewart,New York,2024-08-14 18:54:31
61115,Nikhil Menon,Jacksonville,2024-12-09 08:34:17
62415,Kemi Owusu,San Jose,2023-12-21 17:09:23
43354,Dina Said,Boston,2024-12-27 13:13:39
20647,Donald Williams,Portland,2024-10-09 15:07:00
63629,Leila Mansour,Nashville,2023-12-14 17:14:30
10440,Stefan Müller,Fort Worth,2025-05-05 16:36:29
42819,Claudia Weber,Denver,2023-09-14 19:29:41
10315,Zainab Ndiaye,Los Angeles,2024-05-11 12:38:56
43871,Kavya Mukherjee,Boston,2025-10-15 21:11:07
18702,Mary Reed,Houston,2025-03-23 12:49:52
94570,Mathieu Mercier,Denver,2023-04-14 18:04:39
47682,David Jackson,Jacksonville,2023-05-10 14:29:19
26038,Michael Parker,Los Angeles,2023-06-08 10:05:52
38252,Hao Sun,San Diego,2023-11-17 15:29:21
83104,Noah Campbell,Houston,2024-01-07 10:51:25
28181,Abena Toure,Fort Worth,2025-02-24 13:32:27
13226,Aishwarya Sharma,Boston,2023-08-15 15:09:01
18532,Hassan Hamdan,Philadelphia,2025-10-28 13:50:58
76270,Aarti Verma,Philadelphia,2025-12-01 13:00:44
56246,Jian Lin,Denver,2024-08-26 08:14:59
63724,Sharon Young,Seattle,2024-09-10 13:21:16
80046,Valentina Cruz,Boston,2025-09-02 14:03:51
10384,Hong Zhu,Fort Worth,2025-03-01 00:53:27
58287,Andrew Hall,Boston,2023-12-17 18:01:50
95025,Sita Agarwal,San Jose,2024-07-07 15:30:54
96817,Elijah Smith,Austin,2024-03-25 06:22:17
580,Jason Wright,Philadelphia,2025-02-12 08:02:58
34628,Manuel Chavez,Phoenix,2023-10-05 20:18:58
28564,Sandra Ward,Los Angeles,2025-01-12 20:58:52
34967,Betty Allen,Phoenix,2023-07-18 10:09:44
26133,Lisa Davis,Jacksonville,2023-06-08 17:31:11
9049,Giorgia Rizzo,San Diego,2025-02-25 05:28:48
80805,Karen Campbell,Portland,2025-08-02 10:38:51
92264,Pedro Leroy,Phoenix,2023-10-17 01:26:30
65949,Laura Ward,San Diego,2025-09-24 18:00:16
53247,Noah Green,Philadelphia,2024-03-21 07:31:43
28038,Sara DeLuca,San Diego,2023-02-16 02:50:59
60630,Sharon Adams,Dallas,2023-11-25 04:02:00
24445,Barbara Thomas,Portland,2024-02-19 07:30:05
93767,Laura Harris,Philadelphia,2023-04-07 11:51:32
26664,Katharina Schmidt,Los Angeles,2025-08-19 10:21:32
12684,Ryan Nelson,Charlotte,2025-04-16 10:36:37
64399,Arun Gupta,San Antonio,2025-04-06 04:29:31
97961,Gang Yang,Fort Worth,2025-07-23 14:36:40
72367,Xiao Xu,San Antonio,2023-11-03 14:29:54
12953,Nadia Awad,New York,2024-09-15 10:55:51
65276,Sneha Mukherjee,Portland,2024-11-23 11:15:55
89103,Oscar Ruiz,Seattle,2024-02-29 20:08:46
59105,Andrew Anderson,Phoenix,2025-06-09 17:27:49
3054,Alice Costa,Austin,2023-04-22 11:10:51
58345,Jack Nelson,Fort Worth,2024-03-12 07:08:27
978,Lucia Ramos,Houston,2024-10-20 18:40:32
66827,Vidya Bhat,Charlotte,2025-11-16 09:34:16
73103,Daniel Johnson,Portland,2023-06-20 16:41:06
20342,Javier Ramos,San Diego,2024-12-07 21:01:01
71449,Lei Li,San Antonio,2023-10-01 05:11:51
77915,Manon Dubois,Dallas,2025-05-17 15:20:47
33635,Shreya Patel,Phoenix,2024-05-04 08:20:18
36706,Ananya Das,Dallas,2023-02-26 06:43:09
97434,Dorothy Murphy,Nashville,2024-05-01 17:55:23
13212,Kojo Sane,Columbus,2023-03-16 11:20:17
65887,Pascal Petit,Columbus,2025-02-24 08:51:41
47993,Shu Liu,San Antonio,2023-11-09 14:41:17
14235,Ji-ho Park,Boston,2023-02-13 08:42:26
11420,Francesca Gallo,Seattle,2023-11-07 14:34:49
11022,Carol Evans,New York,2024-12-21 16:34:06
54203,Caleb Walker,Dallas,2025-02-11 12:07:36
20701,Mark Scott,New York,2025-12-16 14:04:53
24983,Ava Miller,Charlotte,2025-03-20 15:54:05
5818,Michael Scott,Philadelphia,2024-05-17 16:31:21
7463,Samir Aziz,Houston,2024-03-16 08:05:05
57577,Matthew Bailey,San Antonio,2023-01-17 13:19:54
91921,Dinesh Desai,Nashville,2024-11-14 14:48:45
8163,Timothy Allen,Houston,2023-12-28 06:08:17
13877,Mathieu Mercier,Charlotte,2024-07-10 15:56:24
72547,Fang He,Charlotte,2025-12-22 08:54:09
79697,Karim Farah,Austin,2023-07-09 09:21:28
73846,Ritu Chatterjee,New York,2023-07-10 18:06:10
28813,Pooja Bose,Jacksonville,2024-02-14 18:29:11
79813,Rekha Chopra,Dallas,2023-10-22 06:32:32
87822,Soo-ah Oh,Charlotte,2024-06-28 08:58:16
94431,Deepa Kulkarni,Denver,2025-02-21 20:10:33
44569,Meera Banerjee,Philadelphia,2025-09-01 13:08:03
84000,Radha Menon,Portland,2024-01-09 09:19:13
28800,Susan Thompson,San Antonio,2023-04-11 14:22:55
96624,Marlene Meyer,Fort Worth,2024-09-24 16:00:32
72016,Mia Scott,San Antonio,2023-06-13 08:47:58
89060,Sanjay Banerjee,Boston,2023-10-03 08:43:15
15928,Na Sun,Boston,2025-11-26 17:38:48
95280,Giuseppe Greco,Philadelphia,2025-11-16 08:15:34
50241,Ronald White,Denver,2023-05-08 06:13:46
74398,Antonio Moreno,San Jose,2023-08-12 13:06:25
67706,Karthik Das,Columbus,2024-12-23 09:12:06
91524,Manoj Kulkarni,Dallas,2023-10-15 15:10:16
48736,Lorenzo Gallo,Jacksonville,2024-02-20 14:53:18
51021,Jack Howard,Portland,2023-03-23 10:44:22
90121,Daniel Howard,Los Angeles,2025-09-03 14:48:23
90817,John Jackson,Boston,2024-08-30 14:29:37
77357,Alice Fournier,Seattle,2025-04-23 09:09:39
77516,Steven DeLuca,San Diego,2024-10-05 20:02:30
55998,Jason Taylor,New York,2025-09-26 06:18:17
14731,Khalid Rahman,Columbus,2025-01-15 19:27:44
41958,Lucas Simon,Chicago,2024-01-08 06:41:11
17516,Andrew Rogers,Seattle,2023-07-10 07:44:22
32440,Honoka Tanaka,Columbus,2024-10-11 02:21:25
80851,Divya Iyer,Dallas,2023-11-30 21:12:21
18777,Deepak Das,Los Angeles,2023-04-04 10:36:30
28867,Mark Cruz,Jacksonville,2024-01-18 10:50:25
90483,Manon Faure,Portland,2024-11-02 10:28:47
17912,Fernando Romero,Columbus,2024-02-21 11:26:35
24793,Faisal Said,San Jose,2024-09-22 16:20:50
49966,Patricia Mitchell,Columbus,2025-12-27 17:18:13
3509,Seo-yeon Song,Denver,2023-12-27 14:37:41
90887,Claudia Wolf,Austin,2024-12-28 12:57:30
33025,Anthony Richardson,Dallas,2024-06-14 05:39:37
10060,Susan Thompson,New York,2023-01-27 13:10:11
66317,Beatriz Martinez,Fort Worth,2023-10-14 14:53:25
76710,Emma Bell,Charlotte,2024-11-10 11:51:47
13203,Sebastian Müller,Nashville,2025-04-04 08:51:55
95710,Ronald White,New York,2025-06-10 09:17:42
86885,Zara Keita,San Antonio,2024-02-29 19:38:13
95278,Anthony Bell,Philadelphia,2025-05-28 18:50:18
57092,Charles Keita,Charlotte,2023-01-20 14:51:03
26655,Gabriela Ruiz,Seattle,2025-10-07 09:15:19
51461,Lorenzo Greco,Philadelphia,2024-09-24 22:34:08
32786,Pilar Gomez,New York,2025-06-19 02:15:15
92980,Jonas Werner,Jacksonville,2023-11-03 18:49:52
6133,Wolfgang Meyer,Houston,2025-03-22 11:20:49
89857,Yong Cao,San Jose,2023-05-25 18:04:30
70838,Louis Mercier,Charlotte,2023-09-13 18:21:35
41174,Alejandra Vasquez,Denver,2024-01-20 16:56:33
23945,Harper Johnson,Chicago,2024-04-23 18:04:58
33920,Elizabeth Allen,Phoenix,2024-03-18 17:12:21
84801,Mateo Martinez,Columbus,2025-03-28 22:44:26
30270,Chao Cao,Fort Worth,2024-07-03 15:41:44
44729,Rebecca Lewis,New York,2024-02-24 00:48:07
25089,Manoj Iyer,San Antonio,2025-06-19 21:43:34
3305,Owen Morgan,Seattle,2025-04-11 19:11:53
23965,Sekou Okafor,New York,2025-04-24 12:46:19
27504,Francesca Marino,Fort Worth,2023-08-19 14:40:31
39495,Joshua Taylor,Denver,2024-04-23 12:29:46
1555,Jeffrey Campbell,Charlotte,2025-01-31 13:36:44
75096,Henry Stewart,Columbus,2025-09-03 01:34:44
67972,Yong Hu,Charlotte,2025-09-16 13:01:54
83706,Monika Schröder,Philadelphia,2023-09-14 07:17:20
8374,Ava Murphy,Seattle,2023-01-05 07:54:28
24267,Robert Carter,Houston,2023-02-22 09:02:44
54492,Anthony Bailey,Columbus,2023-07-23 11:44:55
1252,Aaliyah Traore,Denver,2025-04-23 19:51:40
6279,Timothy Collins,Columbus,2024-01-29 12:10:59
39685,Jack Bailey,Denver,2024-06-30 06:07:45
40340,Dorothy Nelson,Boston,2025-07-23 14:35:37
53952,Stephanie Parker,Chicago,2023-03-17 19:36:49
99118,Omar Awad,Denver,2025-04-13 05:15:11
29286,Jurgen Braun,Austin,2023-06-02 16:17:51
10997,Hugo Andre,Houston,2023-04-09 11:38:56
83353,Juan Guo,Dallas,2025-06-09 16:11:47
5114,Davide Barbieri,Portland,2024-10-17 12:20:33
60354,Ruben Hernandez,Charlotte,2023-02-16 14:14:18
7109,Mark Cooper,Houston,2025-12-26 19:24:07
27627,Kofi Boateng,Portland,2025-01-20 13:41:47
59686,Isabella Ruiz,Jacksonville,2025-12-07 14:17:49
87437,Peng Wu,Los Angeles,2025-09-19 14:02:06
33360,Meera Reddy,San Antonio,2023-03-27 16:34:39
95832,Noah Anderson,Seattle,2024-01-23 16:10:08
89390,Vijay Nair,Nashville,2023-02-04 15:25:26
46548,Juana Flores,Philadelphia,2024-02-26 08:05:21
8929,Gaurav Hegde,New York,2023-05-02 06:43:29
63793,Ousmane Adeyemi,Portland,2024-02-17 12:39:59
47203,Yousef Mansour,Denver,2023-06-17 15:45:53
84790,Carmen Torres,Seattle,2025-09-28 21:13:20
71331,Steven Williams,Boston,2024-12-14 19:38:22
54621,Nancy Jackson,Dallas,2023-09-01 18:58:18
38847,Cheng Xu,Columbus,2023-11-25 13:48:42
87191,Jennifer Martin,Fort Worth,2023-01-16 11:13:17
54286,Michael Cox,Austin,2023-07-26 22:52:54
76551,Varun Kapoor,Phoenix,2023-07-20 05:57:58
60709,Priya Malhotra,San Jose,2025-10-26 20:08:58
31445,Carmen Hernandez,Nashville,2023-05-21 12:11:41
33906,Beatriz Martinez,Denver,2025-08-20 15:48:52
43378,Nancy Reed,Fort Worth,2024-11-14 19:38:05
50446,Yuya Kato,Columbus,2025-03-04 11:04:25
17231,Wei Hu,Columbus,2024-05-12 16:57:51
97206,Ethan Bailey,Houston,2025-03-18 19:08:13
86784,Arthur Morel,Austin,2025-02-06 01:18:18
48644,Ama Sane,Dallas,2024-07-17 17:13:48
41665,Owen Wright,Seattle,2024-01-24 13:39:23
51242,Pilar Martinez,Fort Worth,2025-03-18 23:57:18
24693,Kofi Owusu,Dallas,2023-12-11 13:22:51
52572,Li Li,Houston,2023-08-26 14:08:40
75631,Luis Diaz,Portland,2025-10-20 19:19:33
62111,Daniel Lewis,New York,2023-03-21 14:38:42
66310,Jian Wang,Columbus,2025-01-01 08:52:40
81136,Matthew Evans,San Antonio,2024-12-28 13:56:22
95275,Deborah Ward,New York,2025-03-21 09:46:10
20561,Amit Mukherjee,Phoenix,2024-03-26 09:44:12
91849,Stephanie Miller,Houston,2025-08-13 15:40:59
83016,Thierry Girard,Dallas,2024-01-24 16:27:11
51044,Manon Andre,Austin,2023-06-26 06:11:02
8297,Jack Williams,Austin,2024-12-08 10:16:24
23813,Elijah Davis,San Jose,2023-02-15 12:26:59
91073,Lisa Turner,Charlotte,2024-07-17 13:59:34
92587,Lukas Schmidt,Portland,2024-03-18 19:39:53
42530,Isabella Reyes,Chicago,2025-07-19 16:23:35
63773,Mark Davis,New York,2024-11-21 11:43:07
56322,Matthew Brown,Seattle,2024-08-16 12:13:57
79087,Ousmane Eze,Phoenix,2024-10-08 16:29:43
82333,Paula Ortiz,San Diego,2024-02-14 14:22:36
94226,Kazuki Shimizu,San Antonio,2024-09-02 15:09:48
87519,Na Cao,Houston,2025-09-04 14:17:00
39616,Shota Shimizu,Austin,2025-06-26 14:52:18
30965,Olivia Richardson,Phoenix,2025-02-06 14:14:27
77117,Valentina Romero,Phoenix,2024-05-08 09:13:13
6229,Ava Adams,Nashville,2024-01-04 06:31:15
37329,David Bailey,Seattle,2024-02-23 17:00:31
84355,Smita Pillai,Charlotte,2024-05-08 14:52:39
31584,Owen Baker,Dallas,2024-07-25 16:42:47
92540,Yui Nakamura,New York,2024-04-27 21:34:54
55160,Nikhil Iyer,Fort Worth,2023-11-30 18:47:18
14782,Dorothy Morris,Austin,2025-01-14 22:23:07
79074,Yasmin Parker,Columbus,2024-06-04 10:42:42
15530,Jorge Hernandez,Austin,2023-04-14 06:19:49
67337,Maryam Nwosu,Denver,2023-03-21 05:26:49
44631,Sita Malhotra,Seattle,2024-12-05 17:52:45
42415,Kavya Mukherjee,Fort Worth,2025-05-18 10:18:00
95818,Fatou Sow,Boston,2024-08-25 10:14:00
64229,Mia Evans,Nashville,2024-06-24 07:24:57
63683,Kiran Patel,New York,2024-02-20 18:30:05
49696,Gaurav Chopra,San Diego,2024-09-16 13:43:23
37792,Elizabeth Stewart,Portland,2023-02-18 11:24:14
12863,Aaliyah Keita,San Diego,2024-08-25 16:06:34
78872,Fatou Asante,Boston,2023-11-16 20:29:51
67177,Tae-yang Park,Charlotte,2024-12-01 10:37:08
46293,Salma Williams,Nashville,2025-09-12 17:01:28
62393,Laura Brown,Fort Worth,2025-05-25 19:25:20
10595,Rania Said,San Antonio,2024-05-15 15:14:48
92383,Carol Adams,New York,2023-01-25 16:28:58
9955,Dinesh Banerjee,Phoenix,2024-03-30 07:13:59
20325,Ashok Kapoor,Fort Worth,2023-06-20 19:19:52
51810,Kenneth Smith,Dallas,2024-03-17 10:09:51
94416,Cheng Luo,San Jose,2024-11-29 12:02:53
75912,Kenneth Taylor,Portland,2023-02-23 11:52:19
59390,Deepa Reddy,Seattle,2024-11-10 17:25:52
17270,Charles Taylor,Denver,2025-10-08 15:28:47
14907,Oliver Morgan,San Diego,2025-07-29 03:31:47
58683,Hannah Miller,Seattle,2023-11-11 03:28:28
24840,Felix Schulz,Los Angeles,2024-05-05 14:54:43
93578,Anil Kulkarni,Portland,2024-03-03 13:49:16
82452,Jennifer Stewart,Portland,2023-07-11 08:02:11
71682,Jabari Mensah,Columbus,2023-01-30 10:58:37
32720,John Collins,Seattle,2025-09-07 11:40:14
85802,Dorothy Green,Seattle,2024-06-11 08:19:48
78271,Zainab Eze,Charlotte,2023-11-24 14:05:42
51887,Ying Cao,New York,2025-09-09 10:51:24
25017,Aiko Yamada,Nashville,2025-11-08 16:44:54
88712,Caleb Richardson,Jacksonville,2024-01-07 13:23:31
54851,Andrew Miller,Jacksonville,2023-03-16 13:19:01
25919,Caleb Young,Fort Worth,2025-02-09 17:18:56
32559,Vidya Kulkarni,Seattle,2025-10-29 12:38:32
81077,Catalina Chavez,Houston,2025-01-10 18:58:46
7274,Deborah Martin,Denver,2024-08-17 19:41:36
35043,Olivia Cox,Charlotte,2023-06-18 08:55:19
80514,Rin Ito,San Antonio,2025-03-12 15:00:50
52408,Aiden Ward,New York,2024-09-01 11:58:37
11242,Tyrone Yoon,Seattle,2024-10-24 08:45:52
76685,Hyun-woo Ahn,Philadelphia,2023-12-01 12:05:24
28897,George Jackson,San Jose,2025-12-21 11:20:33
47591,Samira Ahmed,Dallas,2025-01-04 15:18:42
50382,Anna Greco,New York,2024-06-18 20:39:19
68460,Thomas Green,Fort Worth,2025-03-11 15:49:24
25143,Rahul Iyer,Chicago,2025-12-21 22:10:36
27966,Kofi Owusu,Philadelphia,2023-01-11 13:48:47
56069,Varun Kulkarni,Austin,2025-02-24 15:37:10
3585,Yousef Nasser,Houston,2023-01-05 15:40:22
81570,Paul Nelson,Charlotte,2025-01-13 17:23:26
72706,Aiden Reed,Chicago,2025-05-23 16:20:49
53393,Aarti Patel,Philadelphia,2023-09-18 21:33:28
49021,George Hall,Fort Worth,2023-07-14 21:08:02
34166,Vidya Sharma,San Diego,2023-08-11 05:06:17
26859,Yong Wu,San Jose,2023-06-30 13:23:55
86319,Kiran Kulkarni,Jacksonville,2023-10-08 13:48:06
27663,Harish Malhotra,Portland,2025-12-21 11:48:34
64929,Aiden Bell,Philadelphia,2023-09-12 16:33:43
22669,Ruben Ortiz,Seattle,2025-01-27 08:54:09
55236,Hannah Neumann,New York,2025-06-11 07:41:44
83502,Daniel Williams,San Jose,2024-01-03 14:01:40
23829,Manuel Lopez,Houston,2025-06-07 10:16:04
84163,Evelyn Green,Chicago,2023-05-11 17:56:15
64715,Brian Baker,Jacksonville,2023-04-27 08:06:22
55449,Vijay Singh,Phoenix,2023-04-23 10:27:42
6389,Yan Zheng,Austin,2024-06-09 16:52:27
25341,Stephanie Allen,New York,2024-06-22 00:55:09
50175,Vidya Sharma,Denver,2024-03-29 11:46:25
3058,Ming Sun,Denver,2024-10-31 15:15:55
23620,John Robinson,Phoenix,2024-10-16 08:09:15
83395,Christopher Collins,San Diego,2023-07-15 07:39:31
80832,Jade Fournier,Nashville,2025-01-20 07:18:55
97586,Dorothy Iyer,San Antonio,2025-07-11 17:52:45
10400,Chiara Lombardi,Columbus,2024-11-22 09:01:08
44158,Rosa Ortiz,Philadelphia,2025-10-18 17:17:46
80412,James Cox,Denver,2024-03-13 14:05:34
32252,Sekou Mensah,Charlotte,2025-07-10 13:20:13
9257,Harper Edwards,Charlotte,2024-09-16 12:01:53
92065,Grace Rogers,San Antonio,2023-05-18 08:13:39
89728,Hannah Rogers,Boston,2025-10-31 09:52:53
75183,Yan Said,Los Angeles,2025-09-12 07:09:09
36336,Karen Rogers,Philadelphia,2025-02-10 13:54:56
66727,Edward Bailey,New York,2024-08-08 19:00:36
99926,Theo Andre,Jacksonville,2023-10-10 15:48:58
83326,Sharon Bailey,Fort Worth,2024-05-10 13:23:16
88199,Lan Zhang,Columbus,2024-09-05 09:29:11
59386,Kenneth White,San Diego,2024-10-07 09:09:36
29164,DeShawn Sane,New York,2024-01-27 15:48:28
36463,Richard Green,San Jose,2024-07-20 08:39:16
74273,Kofi Kone,Seattle,2025-05-05 05:50:30
3132,Kevin Campbell,Philadelphia,2024-09-11 16:10:07
15909,Christopher Parker,New York,2023-09-16 14:37:52
54179,Alejandra Diaz,New York,2025-10-22 11:33:23
32382,Timothy Williams,New York,2024-07-08 02:44:12
37057,Adaeze Asante,San Diego,2023-01-16 19:04:51
98344,Xin Yang,Philadelphia,2024-02-03 09:34:37
38876,Nia Eze,Boston,2024-04-22 03:16:25
34514,Melissa Morgan,San Diego,2025-09-18 19:07:14
1213,Pedro Ramos,Phoenix,2024-12-14 08:51:36
52081,Lina Ahmed,Boston,2024-07-07 02:30:13
13598,Ronald Taylor,San Antonio,2024-03-21 15:32:33
83445,Bilal Robinson,New York,2024-03-29 19:16:27
23913,Yong Lee,Los Angeles,2023-06-06 09:53:26
79557,Zainab Asante,San Diego,2025-10-26 09:41:46
85134,Brian Johnson,Denver,2024-03-01 19:09:59
47191,Karthik Mukherjee,New York,2025-05-25 11:01:42
72038,Dinesh Desai,San Antonio,2025-11-12 14:58:08
40866,Juliette Simon,Nashville,2024-08-10 08:49:01
41380,Antoine Roux,San Diego,2025-11-22 20:52:17
58593,Marion Dubois,Portland,2025-11-23 09:49:01
44426,Anthony Thomas,Phoenix,2024-11-22 13:33:42
80496,Lin Ma,New York,2024-02-29 07:08:59
74538,Jurgen Klein,Seattle,2024-01-29 13:34:19
29176,Yasmin Hassan,San Antonio,2023-02-02 14:51:08
13247,Joshua Young,San Diego,2023-05-10 16:55:32
15565,Ming Wang,Nashville,2025-03-29 15:43:26
90059,Min-jun Jung,San Diego,2025-08-18 08:14:10
54295,Charlotte Turner,New York,2023-08-21 12:15:16
30489,Yaw Owusu,Denver,2025-05-15 17:38:22
32600,Chiara Costa,Austin,2025-07-10 19:54:32
31557,Francisco Ortiz,Portland,2023-01-29 13:03:12
22360,Anjali Agarwal,Philadelphia,2024-06-20 08:11:22
67132,Abigail Davis,Denver,2025-10-30 17:49:33
57094,Sebastian Chavez,Houston,2023-08-21 18:15:41
50682,Laura Jung,Seattle,2023-05-28 15:33:07
33747,Noah Morris,Phoenix,2023-09-01 15:57:51
10119,Min-seo Oh,San Diego,2025-03-09 21:19:53
24003,Mia Morris,Dallas,2025-07-20 09:29:46
15588,Joshua Turner,Austin,2023-04-28 19:41:21
61669,Sakura Inoue,Houston,2025-09-16 07:37:55
79759,Jonas Jung,Houston,2023-11-05 20:29:58
90012,Nadia Khoury,Chicago,2024-04-01 16:59:54
2085,Christopher Wright,Phoenix,2025-05-06 13:03:52
42519,Daniel Fischer,New York,2023-02-11 15:26:29
65816,Sharon Mitchell,Nashville,2024-08-29 10:32:02
661,Rania Sayegh,Austin,2025-04-12 10:38:18
66695,Sita Singh,Los Angeles,2025-09-07 09:28:33
69301,Amelia Cox,Nashville,2023-03-27 08:53:52
92970,Felix Ali,Portland,2023-09-19 15:25:30
76306,Aiko Yamada,New York,2025-07-03 11:15:53
28631,Kimberly Harris,Charlotte,2024-11-11 09:23:57
90301,Sarah Taylor,Austin,2024-08-14 09:10:07
66793,John Morris,Portland,2024-01-28 10:46:19
88466,Rosa Alvarez,Jacksonville,2023-09-05 07:13:08
5931,Amadou Okonkwo,Phoenix,2024-06-13 08:12:27
97908,Veronica Garcia,Seattle,2025-01-07 21:04:47
35875,Aminata Eze,Philadelphia,2025-01-19 22:29:49
90789,Sandra Harris,San Diego,2024-12-03 08:21:20
51386,Giorgia Moretti,Fort Worth,2024-01-17 11:47:11
69241,Raul Moreno,Seattle,2025-04-05 19:48:27
97602,Zainab Okonkwo,Dallas,2025-12-04 10:59:22
84222,Davide Marino,New York,2023-10-05 16:03:19
98851,Pooja Pillai,Columbus,2023-05-23 13:07:51
9111,Olivier Bernard,Charlotte,2023-06-06 09:09:58
48943,Joshua Adams,Los Angeles,2023-03-28 16:07:23
36018,Lan Sun,Seattle,2023-07-10 17:14:20
14169,Manuel Flores,San Antonio,2024-07-08 15:54:27
75834,Ines Castillo,Houston,2024-12-11 10:14:19
56373,Ashley Morgan,Fort Worth,2023-01-04 10:40:06
13007,Arjun Chatterjee,Philadelphia,2025-10-03 06:26:51
31191,Marisol Romero,Fort Worth,2025-07-22 11:21:33
18690,Oliver Smith,Jacksonville,2024-08-14 18:18:41
30602,Andres Herrera,Fort Worth,2025-02-08 17:08:46
4358,Chao Xu,Phoenix,2024-10-13 05:28:42
10937,Lakshmi Das,San Antonio,2024-07-08 09:24:07
43661,Gabriela Mendoza,Philadelphia,2024-03-20 12:29:36
24551,Leila Khalil,Seattle,2025-07-13 06:47:54
25645,Barbara Taylor,Los Angeles,2023-02-09 12:54:37
51670,Cheng Xie,Nashville,2024-06-08 14:19:17
96065,Xiao Luo,Seattle,2025-07-02 20:44:42
21775,Mamadou Eze,Nashville,2025-01-05 15:42:53
3791,Timothy Jackson,Jacksonville,2024-10-31 16:43:29
19045,Laurent Petit,Charlotte,2025-03-25 11:47:22
26931,Steven Robinson,San Antonio,2024-07-22 10:07:27
58384,Divya Banerjee,New York,2024-04-01 10:15:38
90209,Donald Cooper,San Diego,2024-09-26 12:00:32
39775,Charles Reed,Seattle,2025-08-17 22:06:49
25413,Hana Kobayashi,Dallas,2024-09-10 00:12:26
78117,Giuseppe Greco,Portland,2025-07-08 12:16:10
9756,Matteo Barbieri,Seattle,2023-12-27 13:39:25
91687,Ute Werner,Chicago,2024-12-28 09:27:41
98652,Harish Bhat,New York,2025-12-11 02:05:28
9621,Arjun Desai,Seattle,2023-03-25 11:18:43
49305,Gaurav Agarwal,Fort Worth,2023-04-22 17:03:35
40880,Lan Zhou,Nashville,2024-05-09 09:34:00
45102,Chloe Stewart,Boston,2025-03-09 22:19:30
76385,Laura Morgan,Nashville,2025-09-12 21:10:55
92752,Deepak Desai,Charlotte,2025-05-30 08:55:31
16967,Lucas Girard,Boston,2024-02-15 07:05:54
8144,Jurgen Schulz,San Diego,2023-01-30 09:05:31
22981,Sabine Weber,Austin,2023-05-18 07:55:09
63489,Aishwarya Rao,Denver,2024-05-27 09:17:48
31701,Gabriela Martinez,Portland,2025-04-16 16:48:54
77395,Bo Xu,Denver,2025-04-25 18:37:26
9428,Abigail Harris,Seattle,2023-03-27 19:52:37
68305,Rahul Bose,Houston,2023-02-18 18:42:15
63194,Manoj Singh,Jacksonville,2023-12-10 08:46:54
25804,Evelyn Menon,Nashville,2024-04-28 13:43:02
67956,Gang Wang,Austin,2023-01-22 10:16:41
81834,Mary Robinson,Boston,2024-04-27 16:44:30
19840,Antonio Rizzo,Seattle,2023-01-25 16:46:53
91836,Mary Reed,San Antonio,2025-08-20 10:59:33
91378,Elizabeth Baker,Philadelphia,2023-09-19 08:59:33
50347,Steven Roberts,San Jose,2024-01-10 13:30:47
42182,Kimberly Robinson,Houston,2025-02-22 13:51:56
45640,Oliver Williams,Los Angeles,2023-09-11 11:49:32
39807,Nancy Martin,Fort Worth,2025-07-16 20:34:07
56295,Claudia Schmitt,Dallas,2024-10-25 07:38:01
98888,Ethan Allen,Charlotte,2025-10-14 12:31:23
24232,Rajesh Pillai,Houston,2025-06-22 15:24:33
56149,Teresa Vasquez,Portland,2025-08-30 14:07:41
88608,Ingrid Hofmann,Denver,2025-01-10 03:34:10
3248,Paul Reed,Houston,2025-04-27 18:10:25
42394,Elena Mendoza,Los Angeles,2025-11-17 11:56:31
5006,Karthik Pillai,Los Angeles,2025-03-01 18:29:30
34811,James Young,Austin,2024-02-01 15:07:12
39192,Oliver Allen,Seattle,2025-09-23 19:17:25
20217,Karen Campbell,Fort Worth,2023-04-19 13:24:13
49919,Brian Brown,Chicago,2025-05-06 17:27:03
15895,Kwame Okonkwo,Nashville,2023-10-16 10:21:26
94825,Sebastian Fischer,Portland,2024-06-27 19:34:01
